email,item_name,details
kmunoz@powell-duran.com,Premium King Mattress,"[""Premium"",""King"",""Mattress""]"
bmurillo@hotmail.com,Standard Queen Mattress,"[""Standard"",""Queen"",""Mattress""]"
bradley74@gmail.com,Standard Full Mattress,"[""Standard"",""Full"",""Mattress""]"
jameshardin@campbell-morris.biz,Standard Queen Mattress,"[""Standard"",""Queen"",""Mattress""]"
whardin@hotmail.com,Standard Twin Mattress,"[""Standard"",""Twin"",""Mattress""]"
emily88@cobb.com,Standard Queen Mattress,"[""Standard"",""Queen"",""Mattress""]"
craig61@luna-oliver.com,Standard King Mattress,"[""Standard"",""King"",""Mattress""]"
johnsonashley@mcclain.com,Standard Full Mattress,"[""Standard"",""Full"",""Mattress""]"
maxwelltara@edwards.com,Standard Queen Mattress,"[""Standard"",""Queen"",""Mattress""]"
maxwelltara@edwards.com,Standard Foam Pillow,"[""Standard"",""Foam"",""Pillow""]"
rojasjorge@yahoo.com,Standard Twin Mattress,"[""Standard"",""Twin"",""Mattress""]"
marmstrong46@hotmail.com,Standard Foam Pillow,"[""Standard"",""Foam"",""Pillow""]"
ndavis79@yahoo.com,Standard Twin Mattress,"[""Standard"",""Twin"",""Mattress""]"
xadams@salazar.com,Premium Twin Mattress,"[""Premium"",""Twin"",""Mattress""]"
chadjones@williams.com,Premium Queen Mattress,"[""Premium"",""Queen"",""Mattress""]"
chadjones@williams.com,Standard Twin Mattress,"[""Standard"",""Twin"",""Mattress""]"
johnsonderrick@yahoo.com,Standard King Mattress,"[""Standard"",""King"",""Mattress""]"
johnsonderrick@yahoo.com,King Down Pillow,"[""King"",""Down"",""Pillow""]"
johnsonderrick@yahoo.com,Standard Twin Mattress,"[""Standard"",""Twin"",""Mattress""]"
johnsonderrick@yahoo.com,Premium Twin Mattress,"[""Premium"",""Twin"",""Mattress""]"
johnsonderrick@yahoo.com,Standard Down Pillow,"[""Standard"",""Down"",""Pillow""]"
chavezbenjamin@byrd.com,Standard Queen Mattress,"[""Standard"",""Queen"",""Mattress""]"
ericzimmerman@valentine.com,Standard Full Mattress,"[""Standard"",""Full"",""Mattress""]"
gtravis@sosa.com,Standard King Mattress,"[""Standard"",""King"",""Mattress""]"
austin10@robinson-burton.com,Standard Twin Mattress,"[""Standard"",""Twin"",""Mattress""]"
wilsonteresa@walsh.net,Standard Queen Mattress,"[""Standard"",""Queen"",""Mattress""]"
hilljoshua43@hotmail.com,Standard Foam Pillow,"[""Standard"",""Foam"",""Pillow""]"
gcummings@mullins-smith.com,Standard Queen Mattress,"[""Standard"",""Queen"",""Mattress""]"
ashleylevy@gonzalez.com,Standard Twin Mattress,"[""Standard"",""Twin"",""Mattress""]"
jwilson@gmail.com,Standard King Mattress,"[""Standard"",""King"",""Mattress""]"
gayala@phillips.net,Standard Foam Pillow,"[""Standard"",""Foam"",""Pillow""]"
john1545@hotmail.com,Premium Twin Mattress,"[""Premium"",""Twin"",""Mattress""]"
annagray@kaufman.com,Standard Twin Mattress,"[""Standard"",""Twin"",""Mattress""]"
doylechristina@lopez.info,Standard Queen Mattress,"[""Standard"",""Queen"",""Mattress""]"
doylechristina@lopez.info,Standard Twin Mattress,"[""Standard"",""Twin"",""Mattress""]"
amy7022@gmail.com,Standard Queen Mattress,"[""Standard"",""Queen"",""Mattress""]"
darren48@lucas-hayes.net,Standard Queen Mattress,"[""Standard"",""Queen"",""Mattress""]"
kbennett@gmail.com,Premium Twin Mattress,"[""Premium"",""Twin"",""Mattress""]"
tammyroth@gmail.com,Standard King Mattress,"[""Standard"",""King"",""Mattress""]"
bennettzachary88@gmail.com,Standard Queen Mattress,"[""Standard"",""Queen"",""Mattress""]"
andrew5297@hotmail.com,Standard Foam Pillow,"[""Standard"",""Foam"",""Pillow""]"
barryandrew@roy-gonzalez.com,Premium King Mattress,"[""Premium"",""King"",""Mattress""]"
brittany447@yahoo.com,Standard Twin Mattress,"[""Standard"",""Twin"",""Mattress""]"
marieperez@yahoo.com,Premium Full Mattress,"[""Premium"",""Full"",""Mattress""]"
awilson@gmail.com,Standard Twin Mattress,"[""Standard"",""Twin"",""Mattress""]"
timothy72@roman-francis.info,Standard Twin Mattress,"[""Standard"",""Twin"",""Mattress""]"
tracigarcia@hotmail.com,Standard King Mattress,"[""Standard"",""King"",""Mattress""]"
stephenwilliams@pena.net,Standard King Mattress,"[""Standard"",""King"",""Mattress""]"
cjohnson@burgess-martin.biz,Premium Full Mattress,"[""Premium"",""Full"",""Mattress""]"
evankrause@yahoo.com,Standard King Mattress,"[""Standard"",""King"",""Mattress""]"
owerner@yahoo.com,Standard Twin Mattress,"[""Standard"",""Twin"",""Mattress""]"
owerner@yahoo.com,Standard Down Pillow,"[""Standard"",""Down"",""Pillow""]"
njordan@yahoo.com,Standard King Mattress,"[""Standard"",""King"",""Mattress""]"
smithmarvin@moran-gonzalez.biz,Standard Queen Mattress,"[""Standard"",""Queen"",""Mattress""]"
smithmarvin@moran-gonzalez.biz,Standard King Mattress,"[""Standard"",""King"",""Mattress""]"
yschwartz@gmail.com,Premium Full Mattress,"[""Premium"",""Full"",""Mattress""]"
oacevedo@hotmail.com,Premium Queen Mattress,"[""Premium"",""Queen"",""Mattress""]"
efowler@vaughan-vance.com,Premium Twin Mattress,"[""Premium"",""Twin"",""Mattress""]"
racheljackson@gmail.com,Standard King Mattress,"[""Standard"",""King"",""Mattress""]"
racheljackson@gmail.com,Standard Foam Pillow,"[""Standard"",""Foam"",""Pillow""]"
aliciaarias@washington.org,Standard Full Mattress,"[""Standard"",""Full"",""Mattress""]"
robertjacobs@hotmail.com,Premium Full Mattress,"[""Premium"",""Full"",""Mattress""]"
lreynolds@allison.com,Standard Twin Mattress,"[""Standard"",""Twin"",""Mattress""]"
chaveznatalie@hotmail.com,Premium Full Mattress,"[""Premium"",""Full"",""Mattress""]"
lewisjoseph@gmail.com,Standard Twin Mattress,"[""Standard"",""Twin"",""Mattress""]"
johnoliver@phelps.biz,Standard Queen Mattress,"[""Standard"",""Queen"",""Mattress""]"
dstout@keith.net,Standard King Mattress,"[""Standard"",""King"",""Mattress""]"
dstout@keith.net,Standard Foam Pillow,"[""Standard"",""Foam"",""Pillow""]"
mahoneykristi@hotmail.com,Standard Queen Mattress,"[""Standard"",""Queen"",""Mattress""]"
epittman@miller.com,Premium King Mattress,"[""Premium"",""King"",""Mattress""]"
sandrapatterson@hotmail.com,Standard King Mattress,"[""Standard"",""King"",""Mattress""]"
christopher69@gutierrez-flores.info,Standard Twin Mattress,"[""Standard"",""Twin"",""Mattress""]"
christopher69@gutierrez-flores.info,Standard Down Pillow,"[""Standard"",""Down"",""Pillow""]"
aprillee@mendez.com,Premium Queen Mattress,"[""Premium"",""Queen"",""Mattress""]"
aprillee@mendez.com,Standard Foam Pillow,"[""Standard"",""Foam"",""Pillow""]"
palmerjonathan@washington.com,Standard Queen Mattress,"[""Standard"",""Queen"",""Mattress""]"
palmerjonathan@washington.com,Standard Foam Pillow,"[""Standard"",""Foam"",""Pillow""]"
andersonamy@hawkins.net,Standard Twin Mattress,"[""Standard"",""Twin"",""Mattress""]"
maddenelizabeth@morgan.net,Premium Twin Mattress,"[""Premium"",""Twin"",""Mattress""]"
onealcory@hotmail.com,Standard Twin Mattress,"[""Standard"",""Twin"",""Mattress""]"
glopez@figueroa.net,Standard Full Mattress,"[""Standard"",""Full"",""Mattress""]"
glopez@figueroa.net,King Down Pillow,"[""King"",""Down"",""Pillow""]"
glopez@figueroa.net,Standard King Mattress,"[""Standard"",""King"",""Mattress""]"
chadcolon@ramirez.com,Premium Twin Mattress,"[""Premium"",""Twin"",""Mattress""]"
troyturner@gmail.com,Standard Full Mattress,"[""Standard"",""Full"",""Mattress""]"
troyturner@gmail.com,Standard Foam Pillow,"[""Standard"",""Foam"",""Pillow""]"
jeffrey62@hotmail.com,Standard King Mattress,"[""Standard"",""King"",""Mattress""]"
flandry@giles.org,Premium King Mattress,"[""Premium"",""King"",""Mattress""]"
rebecca8267@hotmail.com,Standard Full Mattress,"[""Standard"",""Full"",""Mattress""]"
ruthmoore@hotmail.com,Standard Full Mattress,"[""Standard"",""Full"",""Mattress""]"
alexandertyler@gmail.com,Standard Twin Mattress,"[""Standard"",""Twin"",""Mattress""]"
boothashley@hotmail.com,Standard Twin Mattress,"[""Standard"",""Twin"",""Mattress""]"
boothashley@hotmail.com,Standard Foam Pillow,"[""Standard"",""Foam"",""Pillow""]"
boothashley@hotmail.com,Standard Queen Mattress,"[""Standard"",""Queen"",""Mattress""]"
villajustin@hotmail.com,Standard Queen Mattress,"[""Standard"",""Queen"",""Mattress""]"
vjohnson@montgomery-wilson.com,Standard Foam Pillow,"[""Standard"",""Foam"",""Pillow""]"
brooke60@ferrell.com,Standard Queen Mattress,"[""Standard"",""Queen"",""Mattress""]"
osanchez28@yahoo.com,Premium Full Mattress,"[""Premium"",""Full"",""Mattress""]"
osanchez28@yahoo.com,Standard Foam Pillow,"[""Standard"",""Foam"",""Pillow""]"
david24@donovan.com,Standard Queen Mattress,"[""Standard"",""Queen"",""Mattress""]"
bryan65@smith-choi.com,Standard Queen Mattress,"[""Standard"",""Queen"",""Mattress""]"
sarahgriffin@hotmail.com,Standard Twin Mattress,"[""Standard"",""Twin"",""Mattress""]"
egarner@wallace.com,Standard King Mattress,"[""Standard"",""King"",""Mattress""]"
egarner@wallace.com,Standard Down Pillow,"[""Standard"",""Down"",""Pillow""]"
scottwalker57@gmail.com,Standard Full Mattress,"[""Standard"",""Full"",""Mattress""]"
davidshelton@hotmail.com,Standard Queen Mattress,"[""Standard"",""Queen"",""Mattress""]"
zbrown49@hotmail.com,Standard Queen Mattress,"[""Standard"",""Queen"",""Mattress""]"
hubbardanthony@hotmail.com,Premium King Mattress,"[""Premium"",""King"",""Mattress""]"
alexandra72@yahoo.com,Premium Twin Mattress,"[""Premium"",""Twin"",""Mattress""]"
samuel82@waters.com,Standard Twin Mattress,"[""Standard"",""Twin"",""Mattress""]"
brettyoung@williams.com,Standard Queen Mattress,"[""Standard"",""Queen"",""Mattress""]"
yatesjames@yahoo.com,Standard Twin Mattress,"[""Standard"",""Twin"",""Mattress""]"
ijackson98@hotmail.com,Standard Queen Mattress,"[""Standard"",""Queen"",""Mattress""]"
swilliams@sparks.biz,Standard Twin Mattress,"[""Standard"",""Twin"",""Mattress""]"
kelly67@yahoo.com,Standard King Mattress,"[""Standard"",""King"",""Mattress""]"
courtneyrhodes@gmail.com,Standard Twin Mattress,"[""Standard"",""Twin"",""Mattress""]"
deborahfuller@davis-fuller.com,Standard Twin Mattress,"[""Standard"",""Twin"",""Mattress""]"
eweeks48@yahoo.com,Standard Queen Mattress,"[""Standard"",""Queen"",""Mattress""]"
alexander03@washington-parker.net,Standard Twin Mattress,"[""Standard"",""Twin"",""Mattress""]"
alexander03@washington-parker.net,Standard Full Mattress,"[""Standard"",""Full"",""Mattress""]"
ashley7478@hotmail.com,Standard Twin Mattress,"[""Standard"",""Twin"",""Mattress""]"
cschmidt@peterson-mcdowell.com,Premium Full Mattress,"[""Premium"",""Full"",""Mattress""]"
zbrown14@gmail.com,Standard Twin Mattress,"[""Standard"",""Twin"",""Mattress""]"
kleinkristina@gmail.com,Standard King Mattress,"[""Standard"",""King"",""Mattress""]"
ewright@cantrell.com,Standard Queen Mattress,"[""Standard"",""Queen"",""Mattress""]"
gfoley@yahoo.com,Standard Twin Mattress,"[""Standard"",""Twin"",""Mattress""]"
zacharyfisher@brown.com,Standard King Mattress,"[""Standard"",""King"",""Mattress""]"
kimberlyfrey@yahoo.com,Standard Twin Mattress,"[""Standard"",""Twin"",""Mattress""]"
esilva@yahoo.com,Standard Queen Mattress,"[""Standard"",""Queen"",""Mattress""]"
jimenezandrew@yahoo.com,Standard Full Mattress,"[""Standard"",""Full"",""Mattress""]"
fbrady@gmail.com,Premium King Mattress,"[""Premium"",""King"",""Mattress""]"
thomas6217@gmail.com,Standard Twin Mattress,"[""Standard"",""Twin"",""Mattress""]"
henry49@tran-cook.net,Standard Twin Mattress,"[""Standard"",""Twin"",""Mattress""]"
grayjennifer@bell.com,Standard Twin Mattress,"[""Standard"",""Twin"",""Mattress""]"
marywilson2@hotmail.com,Standard Twin Mattress,"[""Standard"",""Twin"",""Mattress""]"
jakefoster@carroll.org,Standard Twin Mattress,"[""Standard"",""Twin"",""Mattress""]"
bradleykim@hotmail.com,Standard Full Mattress,"[""Standard"",""Full"",""Mattress""]"
waynekent@yahoo.com,Standard Queen Mattress,"[""Standard"",""Queen"",""Mattress""]"
davidcastillo@best.net,Standard Queen Mattress,"[""Standard"",""Queen"",""Mattress""]"
maria28@yahoo.com,Standard Full Mattress,"[""Standard"",""Full"",""Mattress""]"
maria28@yahoo.com,Standard Foam Pillow,"[""Standard"",""Foam"",""Pillow""]"
marybarnes@yahoo.com,Standard Queen Mattress,"[""Standard"",""Queen"",""Mattress""]"
sandovalaustin@holder.com,Standard Full Mattress,"[""Standard"",""Full"",""Mattress""]"
uguerrero@hotmail.com,Standard Down Pillow,"[""Standard"",""Down"",""Pillow""]"
ryanclayton@roberts.info,Standard Queen Mattress,"[""Standard"",""Queen"",""Mattress""]"
wilkinsmichael@brennan-day.com,Standard King Mattress,"[""Standard"",""King"",""Mattress""]"
xmitchell81@hotmail.com,Standard Queen Mattress,"[""Standard"",""Queen"",""Mattress""]"
kingrebecca@camacho.com,Standard Twin Mattress,"[""Standard"",""Twin"",""Mattress""]"
kingrebecca@camacho.com,King Down Pillow,"[""King"",""Down"",""Pillow""]"
halejames@garcia.com,Premium Queen Mattress,"[""Premium"",""Queen"",""Mattress""]"
courtneypierce@gmail.com,Standard King Mattress,"[""Standard"",""King"",""Mattress""]"
matthewknight@hotmail.com,Premium Twin Mattress,"[""Premium"",""Twin"",""Mattress""]"
revans@jordan-turner.com,Standard Full Mattress,"[""Standard"",""Full"",""Mattress""]"
revans@jordan-turner.com,Standard Queen Mattress,"[""Standard"",""Queen"",""Mattress""]"
toddsnow@hinton-johnson.info,Standard King Mattress,"[""Standard"",""King"",""Mattress""]"
mariataylor@yahoo.com,Standard Queen Mattress,"[""Standard"",""Queen"",""Mattress""]"
burnsallen@gmail.com,Standard Twin Mattress,"[""Standard"",""Twin"",""Mattress""]"
bbradley@yahoo.com,Premium Full Mattress,"[""Premium"",""Full"",""Mattress""]"
kdavis@tyler.com,Standard Queen Mattress,"[""Standard"",""Queen"",""Mattress""]"
yrobinson@myers-young.com,Standard King Mattress,"[""Standard"",""King"",""Mattress""]"
lyonswanda@gmail.com,Premium Full Mattress,"[""Premium"",""Full"",""Mattress""]"
tmeyer@villegas-schmidt.com,Standard King Mattress,"[""Standard"",""King"",""Mattress""]"
dhernandez@lynch.com,Standard Twin Mattress,"[""Standard"",""Twin"",""Mattress""]"
megandowns@gmail.com,Standard Twin Mattress,"[""Standard"",""Twin"",""Mattress""]"
aguirrejessica@hotmail.com,Standard King Mattress,"[""Standard"",""King"",""Mattress""]"
perkinslori@hart-gomez.com,Standard Twin Mattress,"[""Standard"",""Twin"",""Mattress""]"
dhernandez@whitaker.com,Standard Full Mattress,"[""Standard"",""Full"",""Mattress""]"
shawngreene@gmail.com,Premium King Mattress,"[""Premium"",""King"",""Mattress""]"
leslie92@hotmail.com,Premium Queen Mattress,"[""Premium"",""Queen"",""Mattress""]"
cameronmichelle@sanchez.net,Standard Twin Mattress,"[""Standard"",""Twin"",""Mattress""]"
patriciastevens@parks-mitchell.net,Standard Queen Mattress,"[""Standard"",""Queen"",""Mattress""]"
lopezautumn@yahoo.com,Standard Full Mattress,"[""Standard"",""Full"",""Mattress""]"
walter47@bennett.com,Standard Twin Mattress,"[""Standard"",""Twin"",""Mattress""]"
garciachristopher@hotmail.com,Standard King Mattress,"[""Standard"",""King"",""Mattress""]"
chloerivera@davis.com,Standard Twin Mattress,"[""Standard"",""Twin"",""Mattress""]"
chloerivera@davis.com,Standard Foam Pillow,"[""Standard"",""Foam"",""Pillow""]"
morrismary@gmail.com,Standard Foam Pillow,"[""Standard"",""Foam"",""Pillow""]"
joshuaharris@bailey-valdez.com,Standard Full Mattress,"[""Standard"",""Full"",""Mattress""]"
zlittle@hotmail.com,Standard Twin Mattress,"[""Standard"",""Twin"",""Mattress""]"
knightmary@gmail.com,Standard King Mattress,"[""Standard"",""King"",""Mattress""]"
gregorykrause@hunt-molina.com,Standard King Mattress,"[""Standard"",""King"",""Mattress""]"
williamsjoann@morales.net,Standard King Mattress,"[""Standard"",""King"",""Mattress""]"
aaronhall@johnson.com,Standard Queen Mattress,"[""Standard"",""Queen"",""Mattress""]"
christina60@hotmail.com,Standard Queen Mattress,"[""Standard"",""Queen"",""Mattress""]"
boydkimberly56@yahoo.com,Premium Full Mattress,"[""Premium"",""Full"",""Mattress""]"
boydkimberly56@yahoo.com,King Foam Pillow,"[""King"",""Foam"",""Pillow""]"
sarah43@gmail.com,King Foam Pillow,"[""King"",""Foam"",""Pillow""]"
owilliams85@gmail.com,Premium Full Mattress,"[""Premium"",""Full"",""Mattress""]"
michelle4695@yahoo.com,Standard Full Mattress,"[""Standard"",""Full"",""Mattress""]"
prestonnelson@gmail.com,Standard Foam Pillow,"[""Standard"",""Foam"",""Pillow""]"
robert60@singh.com,Standard Full Mattress,"[""Standard"",""Full"",""Mattress""]"
dylan01@gmail.com,Standard Twin Mattress,"[""Standard"",""Twin"",""Mattress""]"
pattonjamie@gmail.com,Standard Twin Mattress,"[""Standard"",""Twin"",""Mattress""]"
kaylabuchanan@yahoo.com,Standard King Mattress,"[""Standard"",""King"",""Mattress""]"
kaylabuchanan@yahoo.com,King Foam Pillow,"[""King"",""Foam"",""Pillow""]"
moranjeffrey@cervantes.com,Premium Twin Mattress,"[""Premium"",""Twin"",""Mattress""]"
jcameron38@yahoo.com,Standard Full Mattress,"[""Standard"",""Full"",""Mattress""]"
angelabarker@gmail.com,Standard Full Mattress,"[""Standard"",""Full"",""Mattress""]"
bryantjanice@george.com,Standard King Mattress,"[""Standard"",""King"",""Mattress""]"
ctaylor66@hotmail.com,Standard Twin Mattress,"[""Standard"",""Twin"",""Mattress""]"
carl93@hill.com,Standard Queen Mattress,"[""Standard"",""Queen"",""Mattress""]"
carl93@hill.com,Standard Down Pillow,"[""Standard"",""Down"",""Pillow""]"
wschwartz@smith-martin.biz,Standard King Mattress,"[""Standard"",""King"",""Mattress""]"
james8876@hotmail.com,Premium Queen Mattress,"[""Premium"",""Queen"",""Mattress""]"
smithandrew2@hotmail.com,Standard King Mattress,"[""Standard"",""King"",""Mattress""]"
sean54@gmail.com,Standard Twin Mattress,"[""Standard"",""Twin"",""Mattress""]"
andersonamy@hotmail.com,Standard King Mattress,"[""Standard"",""King"",""Mattress""]"
stevenramirez@gmail.com,Standard King Mattress,"[""Standard"",""King"",""Mattress""]"
jennifer26@gmail.com,Standard Twin Mattress,"[""Standard"",""Twin"",""Mattress""]"
leethomas@daniels.com,Standard Queen Mattress,"[""Standard"",""Queen"",""Mattress""]"
nathan70@gmail.com,Premium King Mattress,"[""Premium"",""King"",""Mattress""]"
paynetracy@maxwell-anderson.com,Premium Queen Mattress,"[""Premium"",""Queen"",""Mattress""]"
paynetracy@maxwell-anderson.com,Standard Queen Mattress,"[""Standard"",""Queen"",""Mattress""]"
kenneth2973@hotmail.com,Standard Twin Mattress,"[""Standard"",""Twin"",""Mattress""]"
porterjose@rodriguez-long.com,Standard King Mattress,"[""Standard"",""King"",""Mattress""]"
sheila32@clark.com,Premium King Mattress,"[""Premium"",""King"",""Mattress""]"
dcook60@gmail.com,Standard Twin Mattress,"[""Standard"",""Twin"",""Mattress""]"
antonio97@gmail.com,Standard Queen Mattress,"[""Standard"",""Queen"",""Mattress""]"
nhogan@hotmail.com,Standard King Mattress,"[""Standard"",""King"",""Mattress""]"
whitefaith@sheppard.com,Premium Twin Mattress,"[""Premium"",""Twin"",""Mattress""]"
rollinstracy@webb.com,Standard Full Mattress,"[""Standard"",""Full"",""Mattress""]"
qschaefer@gonzalez.com,Standard Queen Mattress,"[""Standard"",""Queen"",""Mattress""]"
pbooth42@hotmail.com,Standard King Mattress,"[""Standard"",""King"",""Mattress""]"
pbooth42@hotmail.com,Standard Down Pillow,"[""Standard"",""Down"",""Pillow""]"
frank51@yahoo.com,Standard King Mattress,"[""Standard"",""King"",""Mattress""]"
myersphillip@gmail.com,Standard King Mattress,"[""Standard"",""King"",""Mattress""]"
vglover@mercer.com,Standard Down Pillow,"[""Standard"",""Down"",""Pillow""]"
pjohnson33@hotmail.com,Standard Queen Mattress,"[""Standard"",""Queen"",""Mattress""]"
jacksoncollin@rodgers-glenn.org,Standard Twin Mattress,"[""Standard"",""Twin"",""Mattress""]"
romerotracey@yahoo.com,Standard King Mattress,"[""Standard"",""King"",""Mattress""]"
samanthabray@nelson.com,King Foam Pillow,"[""King"",""Foam"",""Pillow""]"
danielle3625@hotmail.com,Premium Queen Mattress,"[""Premium"",""Queen"",""Mattress""]"
rpalmer@gmail.com,Standard King Mattress,"[""Standard"",""King"",""Mattress""]"
greenmeagan@choi.com,Standard Full Mattress,"[""Standard"",""Full"",""Mattress""]"
victorbullock@gmail.com,Standard Queen Mattress,"[""Standard"",""Queen"",""Mattress""]"
crystal81@yahoo.com,Standard Queen Mattress,"[""Standard"",""Queen"",""Mattress""]"
afoster@gmail.com,King Foam Pillow,"[""King"",""Foam"",""Pillow""]"
jwhite@park-peterson.biz,Standard Full Mattress,"[""Standard"",""Full"",""Mattress""]"
meghan84@yahoo.com,Standard Queen Mattress,"[""Standard"",""Queen"",""Mattress""]"
danielwong@gmail.com,Standard Queen Mattress,"[""Standard"",""Queen"",""Mattress""]"
warren34@nguyen-watkins.com,Standard King Mattress,"[""Standard"",""King"",""Mattress""]"
bennettcassandra@haynes.com,Standard Full Mattress,"[""Standard"",""Full"",""Mattress""]"
garciapatrick@hotmail.com,Standard Queen Mattress,"[""Standard"",""Queen"",""Mattress""]"
archertimothy@yahoo.com,Premium Twin Mattress,"[""Premium"",""Twin"",""Mattress""]"
jamescaitlin@hotmail.com,Standard Twin Mattress,"[""Standard"",""Twin"",""Mattress""]"
jamescaitlin@hotmail.com,Standard Down Pillow,"[""Standard"",""Down"",""Pillow""]"
edwardsmarissa73@hotmail.com,Standard Queen Mattress,"[""Standard"",""Queen"",""Mattress""]"
samuelross@guerrero.com,Standard Full Mattress,"[""Standard"",""Full"",""Mattress""]"
tranpeter18@yahoo.com,Premium Queen Mattress,"[""Premium"",""Queen"",""Mattress""]"
tranpeter18@yahoo.com,King Down Pillow,"[""King"",""Down"",""Pillow""]"
tranpeter18@yahoo.com,Standard Queen Mattress,"[""Standard"",""Queen"",""Mattress""]"
abbottstacy@hotmail.com,Standard Twin Mattress,"[""Standard"",""Twin"",""Mattress""]"
raymondsharon@watkins.com,Standard King Mattress,"[""Standard"",""King"",""Mattress""]"
gravestracy@hotmail.com,Standard Full Mattress,"[""Standard"",""Full"",""Mattress""]"
bklein@peters.com,Standard Queen Mattress,"[""Standard"",""Queen"",""Mattress""]"
rmoore82@gmail.com,Standard Twin Mattress,"[""Standard"",""Twin"",""Mattress""]"
ecopeland@wilson.com,Standard King Mattress,"[""Standard"",""King"",""Mattress""]"
jack32@gmail.com,Standard Twin Mattress,"[""Standard"",""Twin"",""Mattress""]"
feliciaclark@harris.com,Standard Queen Mattress,"[""Standard"",""Queen"",""Mattress""]"
urichardson@cooper.com,Standard King Mattress,"[""Standard"",""King"",""Mattress""]"
pjones61@gmail.com,Premium Queen Mattress,"[""Premium"",""Queen"",""Mattress""]"
bethany13@gmail.com,Standard Queen Mattress,"[""Standard"",""Queen"",""Mattress""]"
brucecolin@hotmail.com,Standard Full Mattress,"[""Standard"",""Full"",""Mattress""]"
brucecolin@hotmail.com,Standard Twin Mattress,"[""Standard"",""Twin"",""Mattress""]"
kirbyteresa@hotmail.com,Standard Full Mattress,"[""Standard"",""Full"",""Mattress""]"
llewis@moss.com,Standard Queen Mattress,"[""Standard"",""Queen"",""Mattress""]"
amywatson@boyd.net,Standard King Mattress,"[""Standard"",""King"",""Mattress""]"
willie56@yahoo.com,Standard Queen Mattress,"[""Standard"",""Queen"",""Mattress""]"
willie56@yahoo.com,Premium King Mattress,"[""Premium"",""King"",""Mattress""]"
willie56@yahoo.com,Standard Foam Pillow,"[""Standard"",""Foam"",""Pillow""]"
antoniorivera@warren.com,Standard Queen Mattress,"[""Standard"",""Queen"",""Mattress""]"
mark0865@yahoo.com,Standard Down Pillow,"[""Standard"",""Down"",""Pillow""]"
devinjordan@rodriguez.com,Premium Twin Mattress,"[""Premium"",""Twin"",""Mattress""]"
kathleenjordan@rodriguez.com,Standard Queen Mattress,"[""Standard"",""Queen"",""Mattress""]"
zhill61@hotmail.com,Standard Full Mattress,"[""Standard"",""Full"",""Mattress""]"
hlee89@hotmail.com,Standard Queen Mattress,"[""Standard"",""Queen"",""Mattress""]"
amartinez@ruiz.com,Standard Full Mattress,"[""Standard"",""Full"",""Mattress""]"
arianacarr@hotmail.com,Standard Twin Mattress,"[""Standard"",""Twin"",""Mattress""]"
matthew7384@hotmail.com,Premium Twin Mattress,"[""Premium"",""Twin"",""Mattress""]"
hthomas71@yahoo.com,Standard Twin Mattress,"[""Standard"",""Twin"",""Mattress""]"
jamie54@burns-oconnell.info,Standard King Mattress,"[""Standard"",""King"",""Mattress""]"
rcox42@yahoo.com,Standard King Mattress,"[""Standard"",""King"",""Mattress""]"
gwilliams@lane-swanson.info,Standard Twin Mattress,"[""Standard"",""Twin"",""Mattress""]"
ingramjeremiah@anthony.info,Premium Twin Mattress,"[""Premium"",""Twin"",""Mattress""]"
franklin31@davis.com,Standard Queen Mattress,"[""Standard"",""Queen"",""Mattress""]"
webbandrea@carrillo.org,Standard Queen Mattress,"[""Standard"",""Queen"",""Mattress""]"
alyssa54@yahoo.com,Standard Queen Mattress,"[""Standard"",""Queen"",""Mattress""]"
mhines@hotmail.com,Standard Queen Mattress,"[""Standard"",""Queen"",""Mattress""]"
swashington85@yahoo.com,Standard Twin Mattress,"[""Standard"",""Twin"",""Mattress""]"
kgomez@harper-roberts.com,Standard Twin Mattress,"[""Standard"",""Twin"",""Mattress""]"
oneallisa@hotmail.com,Standard Queen Mattress,"[""Standard"",""Queen"",""Mattress""]"
oneallisa@hotmail.com,Standard Foam Pillow,"[""Standard"",""Foam"",""Pillow""]"
garycopeland@yahoo.com,Premium Full Mattress,"[""Premium"",""Full"",""Mattress""]"
christian3572@gmail.com,Standard King Mattress,"[""Standard"",""King"",""Mattress""]"
christopherroberts@yahoo.com,Standard Queen Mattress,"[""Standard"",""Queen"",""Mattress""]"
matthewscott31@yahoo.com,Standard Full Mattress,"[""Standard"",""Full"",""Mattress""]"
kellyestes@gmail.com,Standard Full Mattress,"[""Standard"",""Full"",""Mattress""]"
kellyestes@gmail.com,Premium King Mattress,"[""Premium"",""King"",""Mattress""]"
kellyestes@gmail.com,Standard Foam Pillow,"[""Standard"",""Foam"",""Pillow""]"
bushjesse@gardner-curtis.com,Standard Twin Mattress,"[""Standard"",""Twin"",""Mattress""]"
john7750@gmail.com,Standard Full Mattress,"[""Standard"",""Full"",""Mattress""]"
laurajones@jackson.com,Standard Twin Mattress,"[""Standard"",""Twin"",""Mattress""]"
ddrake9@hotmail.com,Standard Queen Mattress,"[""Standard"",""Queen"",""Mattress""]"
chad93@washington-coffey.com,Standard King Mattress,"[""Standard"",""King"",""Mattress""]"
msmith@monroe.com,Premium Twin Mattress,"[""Premium"",""Twin"",""Mattress""]"
msmith@monroe.com,Standard Down Pillow,"[""Standard"",""Down"",""Pillow""]"
monicahuff@powell.com,Standard King Mattress,"[""Standard"",""King"",""Mattress""]"
monicahuff@powell.com,Standard Foam Pillow,"[""Standard"",""Foam"",""Pillow""]"
hallkelly@johnson.com,Standard King Mattress,"[""Standard"",""King"",""Mattress""]"
bakersarah@gmail.com,Standard Foam Pillow,"[""Standard"",""Foam"",""Pillow""]"
nbaker8@gmail.com,Standard King Mattress,"[""Standard"",""King"",""Mattress""]"
nwilkerson@clark.com,King Foam Pillow,"[""King"",""Foam"",""Pillow""]"
kayla75@berger.net,Standard Twin Mattress,"[""Standard"",""Twin"",""Mattress""]"
oallen@yahoo.com,Premium Twin Mattress,"[""Premium"",""Twin"",""Mattress""]"
uspencer@gmail.com,Standard Full Mattress,"[""Standard"",""Full"",""Mattress""]"
uspencer@gmail.com,Standard Twin Mattress,"[""Standard"",""Twin"",""Mattress""]"
fryejenna@yahoo.com,Premium Queen Mattress,"[""Premium"",""Queen"",""Mattress""]"
jeffreydelacruz@yahoo.com,Premium Queen Mattress,"[""Premium"",""Queen"",""Mattress""]"
jeffreydelacruz@yahoo.com,Premium Twin Mattress,"[""Premium"",""Twin"",""Mattress""]"
kristinharris@hotmail.com,Standard Queen Mattress,"[""Standard"",""Queen"",""Mattress""]"
ojames@allen-ruiz.com,Standard King Mattress,"[""Standard"",""King"",""Mattress""]"
melissamyers@yahoo.com,Premium Queen Mattress,"[""Premium"",""Queen"",""Mattress""]"
lewiscasey@gmail.com,Standard King Mattress,"[""Standard"",""King"",""Mattress""]"
padillarebecca@yahoo.com,Premium King Mattress,"[""Premium"",""King"",""Mattress""]"
douglasmarshall@kaiser.info,Standard King Mattress,"[""Standard"",""King"",""Mattress""]"
alanperez@blake.com,Standard Queen Mattress,"[""Standard"",""Queen"",""Mattress""]"
alanperez@blake.com,Standard Foam Pillow,"[""Standard"",""Foam"",""Pillow""]"
christopher7535@gmail.com,Standard Twin Mattress,"[""Standard"",""Twin"",""Mattress""]"
makaylahansen@gmail.com,Standard Down Pillow,"[""Standard"",""Down"",""Pillow""]"
cjones@sullivan-yang.com,Standard King Mattress,"[""Standard"",""King"",""Mattress""]"
cathy4761@hotmail.com,Standard King Mattress,"[""Standard"",""King"",""Mattress""]"
qhughes@walker-ramirez.biz,Premium Twin Mattress,"[""Premium"",""Twin"",""Mattress""]"
ocurtis@valencia.com,Premium Queen Mattress,"[""Premium"",""Queen"",""Mattress""]"
jennifer0541@yahoo.com,Standard Full Mattress,"[""Standard"",""Full"",""Mattress""]"
jtorres@jacobs-jenkins.com,Premium Full Mattress,"[""Premium"",""Full"",""Mattress""]"
allison59@gmail.com,Premium King Mattress,"[""Premium"",""King"",""Mattress""]"
james557@yahoo.com,Standard Queen Mattress,"[""Standard"",""Queen"",""Mattress""]"
riosnatalie@patterson.com,Standard Queen Mattress,"[""Standard"",""Queen"",""Mattress""]"
henryeric@johnson.com,Standard King Mattress,"[""Standard"",""King"",""Mattress""]"
hoffmanellen@hotmail.com,Standard Twin Mattress,"[""Standard"",""Twin"",""Mattress""]"
blarson@lynch.com,King Down Pillow,"[""King"",""Down"",""Pillow""]"
bgrant@wilson.net,Standard King Mattress,"[""Standard"",""King"",""Mattress""]"
roy48@case.net,King Foam Pillow,"[""King"",""Foam"",""Pillow""]"
loriwilson@brown.biz,Standard Queen Mattress,"[""Standard"",""Queen"",""Mattress""]"
caroline86@berry.com,Standard Twin Mattress,"[""Standard"",""Twin"",""Mattress""]"
kari17@henderson-rodriguez.net,Standard Queen Mattress,"[""Standard"",""Queen"",""Mattress""]"
bryanjohnston@turner.info,Premium Queen Mattress,"[""Premium"",""Queen"",""Mattress""]"
bavery@yahoo.com,Premium Twin Mattress,"[""Premium"",""Twin"",""Mattress""]"
tracycampbell@hotmail.com,Standard Twin Mattress,"[""Standard"",""Twin"",""Mattress""]"
lopeztimothy@hotmail.com,Premium King Mattress,"[""Premium"",""King"",""Mattress""]"
moniquehudson@martin.com,Standard Full Mattress,"[""Standard"",""Full"",""Mattress""]"
moniquehudson@martin.com,Premium Queen Mattress,"[""Premium"",""Queen"",""Mattress""]"
cherylallen@ashley.com,Standard Twin Mattress,"[""Standard"",""Twin"",""Mattress""]"
floreschristopher79@gmail.com,Premium Queen Mattress,"[""Premium"",""Queen"",""Mattress""]"
huffrachel@hotmail.com,Standard Queen Mattress,"[""Standard"",""Queen"",""Mattress""]"
medinajason@hotmail.com,Standard King Mattress,"[""Standard"",""King"",""Mattress""]"
michaelwalters@yahoo.com,Premium Full Mattress,"[""Premium"",""Full"",""Mattress""]"
quinnjill@carroll-craig.com,Standard Queen Mattress,"[""Standard"",""Queen"",""Mattress""]"
james57@flynn-wilson.info,Standard King Mattress,"[""Standard"",""King"",""Mattress""]"
tgordon@wyatt-boone.info,Standard Queen Mattress,"[""Standard"",""Queen"",""Mattress""]"
griffinamber@conner.com,Standard Queen Mattress,"[""Standard"",""Queen"",""Mattress""]"
nicole8560@yahoo.com,Standard Twin Mattress,"[""Standard"",""Twin"",""Mattress""]"
nicole8560@yahoo.com,Standard Down Pillow,"[""Standard"",""Down"",""Pillow""]"
donnathompson@hotmail.com,Standard Twin Mattress,"[""Standard"",""Twin"",""Mattress""]"
spencerlawrence@hotmail.com,Standard King Mattress,"[""Standard"",""King"",""Mattress""]"
lisahall@williams-bridges.com,Standard King Mattress,"[""Standard"",""King"",""Mattress""]"
reginaldgarcia@hotmail.com,Premium King Mattress,"[""Premium"",""King"",""Mattress""]"
dean77@roberts.com,Premium King Mattress,"[""Premium"",""King"",""Mattress""]"
myersjennifer@smith.com,Premium Twin Mattress,"[""Premium"",""Twin"",""Mattress""]"
ashley8269@gmail.com,Standard King Mattress,"[""Standard"",""King"",""Mattress""]"
vtravis@rice.com,King Foam Pillow,"[""King"",""Foam"",""Pillow""]"
xbell@yahoo.com,Standard Queen Mattress,"[""Standard"",""Queen"",""Mattress""]"
jscott@harrell.com,Standard Twin Mattress,"[""Standard"",""Twin"",""Mattress""]"
philliprodriguez@pearson.com,Standard Queen Mattress,"[""Standard"",""Queen"",""Mattress""]"
rayrichard@monroe-williams.biz,Standard Full Mattress,"[""Standard"",""Full"",""Mattress""]"
irodgers@lewis-bowers.com,Standard Queen Mattress,"[""Standard"",""Queen"",""Mattress""]"
crawfordmatthew@james-long.org,Standard Full Mattress,"[""Standard"",""Full"",""Mattress""]"
buckstacey@frazier.com,Standard Twin Mattress,"[""Standard"",""Twin"",""Mattress""]"
ywhitney@yahoo.com,Premium Queen Mattress,"[""Premium"",""Queen"",""Mattress""]"
poolemary@yahoo.com,Standard King Mattress,"[""Standard"",""King"",""Mattress""]"
dvelazquez@wallace-burton.com,Standard King Mattress,"[""Standard"",""King"",""Mattress""]"
sheila01@gmail.com,Standard Queen Mattress,"[""Standard"",""Queen"",""Mattress""]"
tcollins@rodriguez.com,Standard King Mattress,"[""Standard"",""King"",""Mattress""]"
claire39@hotmail.com,Standard Queen Mattress,"[""Standard"",""Queen"",""Mattress""]"
claire39@hotmail.com,Premium Twin Mattress,"[""Premium"",""Twin"",""Mattress""]"
iwang@lambert.com,Standard Queen Mattress,"[""Standard"",""Queen"",""Mattress""]"
shaffertabitha@yahoo.com,Standard King Mattress,"[""Standard"",""King"",""Mattress""]"
scottanthony@ray.com,Premium King Mattress,"[""Premium"",""King"",""Mattress""]"
cruztonya@eaton-burke.com,Standard Queen Mattress,"[""Standard"",""Queen"",""Mattress""]"
ashley93@fisher.info,Standard King Mattress,"[""Standard"",""King"",""Mattress""]"
ambertaylor@hotmail.com,Standard Twin Mattress,"[""Standard"",""Twin"",""Mattress""]"
ambertaylor@hotmail.com,Standard Down Pillow,"[""Standard"",""Down"",""Pillow""]"
brett14@wright-patterson.com,Standard King Mattress,"[""Standard"",""King"",""Mattress""]"
stephanierichards@gmail.com,Premium King Mattress,"[""Premium"",""King"",""Mattress""]"
kenneth71@yahoo.com,Premium King Mattress,"[""Premium"",""King"",""Mattress""]"
bryantshannon@hernandez.com,Standard Twin Mattress,"[""Standard"",""Twin"",""Mattress""]"
joannaroberts@hotmail.com,Premium Twin Mattress,"[""Premium"",""Twin"",""Mattress""]"
christina05@phillips.com,Standard Queen Mattress,"[""Standard"",""Queen"",""Mattress""]"
christina05@phillips.com,King Foam Pillow,"[""King"",""Foam"",""Pillow""]"
paynedavid@russell.com,Standard Twin Mattress,"[""Standard"",""Twin"",""Mattress""]"
underwoodtroy@yahoo.com,Standard Queen Mattress,"[""Standard"",""Queen"",""Mattress""]"
underwoodtroy@yahoo.com,Standard Foam Pillow,"[""Standard"",""Foam"",""Pillow""]"
kevin56@murphy.com,Standard Full Mattress,"[""Standard"",""Full"",""Mattress""]"
ericmcdaniel@martinez.com,Premium Twin Mattress,"[""Premium"",""Twin"",""Mattress""]"
rvaughn@yahoo.com,Standard King Mattress,"[""Standard"",""King"",""Mattress""]"
rvaughn@yahoo.com,Standard Down Pillow,"[""Standard"",""Down"",""Pillow""]"
joshua89@lane-walker.info,Premium Queen Mattress,"[""Premium"",""Queen"",""Mattress""]"
joshua89@lane-walker.info,Standard Down Pillow,"[""Standard"",""Down"",""Pillow""]"
joshua89@lane-walker.info,Premium Twin Mattress,"[""Premium"",""Twin"",""Mattress""]"
susanjones@mullins.com,Standard Twin Mattress,"[""Standard"",""Twin"",""Mattress""]"
xprice77@hotmail.com,Standard Down Pillow,"[""Standard"",""Down"",""Pillow""]"
karen84@jacobs-lewis.com,Premium Twin Mattress,"[""Premium"",""Twin"",""Mattress""]"
terrystephanie@yahoo.com,Standard Queen Mattress,"[""Standard"",""Queen"",""Mattress""]"
vanessa14@payne.com,Standard Down Pillow,"[""Standard"",""Down"",""Pillow""]"
alejandrakim@gmail.com,Standard Full Mattress,"[""Standard"",""Full"",""Mattress""]"
snelson@miller-wang.biz,Standard Twin Mattress,"[""Standard"",""Twin"",""Mattress""]"
cainmichael@hotmail.com,Standard Queen Mattress,"[""Standard"",""Queen"",""Mattress""]"
shortmark@perkins.com,Standard Full Mattress,"[""Standard"",""Full"",""Mattress""]"
mitchell29@rodriguez.com,Premium Twin Mattress,"[""Premium"",""Twin"",""Mattress""]"
gina37@hotmail.com,Premium Queen Mattress,"[""Premium"",""Queen"",""Mattress""]"
twilson@moore.com,Standard King Mattress,"[""Standard"",""King"",""Mattress""]"
twilson@moore.com,King Down Pillow,"[""King"",""Down"",""Pillow""]"
gabrielsmith@craig-miller.com,Standard King Mattress,"[""Standard"",""King"",""Mattress""]"
gabrielsmith@craig-miller.com,Standard Foam Pillow,"[""Standard"",""Foam"",""Pillow""]"
gabrielsmith@craig-miller.com,Standard Queen Mattress,"[""Standard"",""Queen"",""Mattress""]"
newmanstephanie@yahoo.com,Standard Queen Mattress,"[""Standard"",""Queen"",""Mattress""]"
haroldbowen@yahoo.com,Premium Twin Mattress,"[""Premium"",""Twin"",""Mattress""]"
haroldbowen@yahoo.com,Standard Down Pillow,"[""Standard"",""Down"",""Pillow""]"
rebecca75@gibson.net,Standard Full Mattress,"[""Standard"",""Full"",""Mattress""]"
clarkchristine@carter-morrison.org,Standard Full Mattress,"[""Standard"",""Full"",""Mattress""]"
christina67@nelson-wilson.com,Standard King Mattress,"[""Standard"",""King"",""Mattress""]"
olee84@hotmail.com,Standard Full Mattress,"[""Standard"",""Full"",""Mattress""]"
doylejohnny@myers.com,Standard King Mattress,"[""Standard"",""King"",""Mattress""]"
davidstone@nelson-snyder.com,Standard Full Mattress,"[""Standard"",""Full"",""Mattress""]"
james5168@hotmail.com,Standard Twin Mattress,"[""Standard"",""Twin"",""Mattress""]"
obowers@fields.info,Standard Full Mattress,"[""Standard"",""Full"",""Mattress""]"
daniellozano@hotmail.com,Standard King Mattress,"[""Standard"",""King"",""Mattress""]"
ksullivan@gmail.com,Standard Twin Mattress,"[""Standard"",""Twin"",""Mattress""]"
thomasjeffery@hotmail.com,Standard King Mattress,"[""Standard"",""King"",""Mattress""]"
kadams@reed.com,Standard Queen Mattress,"[""Standard"",""Queen"",""Mattress""]"
rebecca56@leonard.com,Premium Twin Mattress,"[""Premium"",""Twin"",""Mattress""]"
stevendiaz94@hotmail.com,Standard Queen Mattress,"[""Standard"",""Queen"",""Mattress""]"
davidabbott@kelley.net,Standard Queen Mattress,"[""Standard"",""Queen"",""Mattress""]"
washingtonrobert@hotmail.com,Standard Queen Mattress,"[""Standard"",""Queen"",""Mattress""]"
jeffrey38@collins-luna.net,Standard King Mattress,"[""Standard"",""King"",""Mattress""]"
tkoch@sloan.com,Standard Full Mattress,"[""Standard"",""Full"",""Mattress""]"
schultzkaren@yahoo.com,Standard Twin Mattress,"[""Standard"",""Twin"",""Mattress""]"
collierdaniel@gmail.com,Standard Twin Mattress,"[""Standard"",""Twin"",""Mattress""]"
nlewis@smith-myers.net,Standard King Mattress,"[""Standard"",""King"",""Mattress""]"
samanthasullivan@duke.com,Standard Twin Mattress,"[""Standard"",""Twin"",""Mattress""]"
ssimmons@burns-miranda.org,Standard Full Mattress,"[""Standard"",""Full"",""Mattress""]"
ehoward@clark.com,Premium Twin Mattress,"[""Premium"",""Twin"",""Mattress""]"
nicole95@fisher.com,Standard King Mattress,"[""Standard"",""King"",""Mattress""]"
laurie75@hotmail.com,Premium King Mattress,"[""Premium"",""King"",""Mattress""]"
wstephens67@yahoo.com,Premium Twin Mattress,"[""Premium"",""Twin"",""Mattress""]"
johnwalsh@johnson.com,Standard Queen Mattress,"[""Standard"",""Queen"",""Mattress""]"
clarkamanda@hotmail.com,Standard Twin Mattress,"[""Standard"",""Twin"",""Mattress""]"
hcruz22@hotmail.com,Standard Full Mattress,"[""Standard"",""Full"",""Mattress""]"
wongallen@yahoo.com,Premium Queen Mattress,"[""Premium"",""Queen"",""Mattress""]"
wongallen@yahoo.com,Standard Down Pillow,"[""Standard"",""Down"",""Pillow""]"
teresa08@crawford.com,Standard Twin Mattress,"[""Standard"",""Twin"",""Mattress""]"
dyoung24@gmail.com,Standard King Mattress,"[""Standard"",""King"",""Mattress""]"
vprice@gordon.com,Standard Twin Mattress,"[""Standard"",""Twin"",""Mattress""]"
michaelbailey@dalton.com,Premium Full Mattress,"[""Premium"",""Full"",""Mattress""]"
atkinsondeanna@hotmail.com,Standard Foam Pillow,"[""Standard"",""Foam"",""Pillow""]"
smithnathan@king-mcdaniel.com,Standard Twin Mattress,"[""Standard"",""Twin"",""Mattress""]"
evaughan@yahoo.com,Standard Queen Mattress,"[""Standard"",""Queen"",""Mattress""]"
madisonortiz@wood.com,Standard Twin Mattress,"[""Standard"",""Twin"",""Mattress""]"
larayvette@delgado.com,Standard Twin Mattress,"[""Standard"",""Twin"",""Mattress""]"
carteralexander@yahoo.com,Standard Queen Mattress,"[""Standard"",""Queen"",""Mattress""]"
marierichardson62@gmail.com,Standard Full Mattress,"[""Standard"",""Full"",""Mattress""]"
taylorclarence@gmail.com,Premium Twin Mattress,"[""Premium"",""Twin"",""Mattress""]"
bauerbrenda@lee-dawson.com,Standard Twin Mattress,"[""Standard"",""Twin"",""Mattress""]"
mary6244@hotmail.com,Standard Queen Mattress,"[""Standard"",""Queen"",""Mattress""]"
nmartinez@franklin-jackson.com,Premium Twin Mattress,"[""Premium"",""Twin"",""Mattress""]"
jbryan@hotmail.com,Standard Down Pillow,"[""Standard"",""Down"",""Pillow""]"
pattongregory@moss-lloyd.com,Standard Full Mattress,"[""Standard"",""Full"",""Mattress""]"
danielleclay@hoffman-hall.biz,Standard King Mattress,"[""Standard"",""King"",""Mattress""]"
hunter8544@hotmail.com,Standard Twin Mattress,"[""Standard"",""Twin"",""Mattress""]"
hunter8544@hotmail.com,King Foam Pillow,"[""King"",""Foam"",""Pillow""]"
carterjulie@flores.com,King Down Pillow,"[""King"",""Down"",""Pillow""]"
hbauer52@gmail.com,Standard King Mattress,"[""Standard"",""King"",""Mattress""]"
voneal@gonzales-patel.com,Standard Full Mattress,"[""Standard"",""Full"",""Mattress""]"
darrellsherman@frost.com,Standard Queen Mattress,"[""Standard"",""Queen"",""Mattress""]"
hendersonronald@jones-garcia.org,Standard Queen Mattress,"[""Standard"",""Queen"",""Mattress""]"
tinafowler@hotmail.com,Standard Twin Mattress,"[""Standard"",""Twin"",""Mattress""]"
tinafowler@hotmail.com,Standard Foam Pillow,"[""Standard"",""Foam"",""Pillow""]"
derek53@yahoo.com,Standard Queen Mattress,"[""Standard"",""Queen"",""Mattress""]"
reyesmark@gmail.com,Premium King Mattress,"[""Premium"",""King"",""Mattress""]"
heidipowers@jones-mccoy.org,Standard King Mattress,"[""Standard"",""King"",""Mattress""]"
jeromegarcia@johnson.com,Standard Down Pillow,"[""Standard"",""Down"",""Pillow""]"
robinsondarin@yahoo.com,Standard Queen Mattress,"[""Standard"",""Queen"",""Mattress""]"
randallbishop@hotmail.com,Standard King Mattress,"[""Standard"",""King"",""Mattress""]"
zlambert@yahoo.com,Standard Twin Mattress,"[""Standard"",""Twin"",""Mattress""]"
tjones@edwards.com,Standard Twin Mattress,"[""Standard"",""Twin"",""Mattress""]"
stephen18@hotmail.com,Standard Twin Mattress,"[""Standard"",""Twin"",""Mattress""]"
vday@phelps.com,Standard Queen Mattress,"[""Standard"",""Queen"",""Mattress""]"
scottjared@dominguez-gill.org,Premium Queen Mattress,"[""Premium"",""Queen"",""Mattress""]"
gordonsamantha@sims.com,Premium Queen Mattress,"[""Premium"",""Queen"",""Mattress""]"
rachelrojas@yahoo.com,Premium Full Mattress,"[""Premium"",""Full"",""Mattress""]"
ihill@manning-nunez.com,Standard King Mattress,"[""Standard"",""King"",""Mattress""]"
phillipsanthony@hotmail.com,Standard King Mattress,"[""Standard"",""King"",""Mattress""]"
qgutierrez@gmail.com,Standard King Mattress,"[""Standard"",""King"",""Mattress""]"
mcoleman33@gmail.com,Standard Twin Mattress,"[""Standard"",""Twin"",""Mattress""]"
mathistony@mcknight.com,Standard King Mattress,"[""Standard"",""King"",""Mattress""]"
steven5369@hotmail.com,Standard Twin Mattress,"[""Standard"",""Twin"",""Mattress""]"
kevinmartinez@gmail.com,Standard King Mattress,"[""Standard"",""King"",""Mattress""]"
pperez@cannon.com,Standard Full Mattress,"[""Standard"",""Full"",""Mattress""]"
pperez@cannon.com,King Foam Pillow,"[""King"",""Foam"",""Pillow""]"
donald61@santiago-smith.net,Standard Queen Mattress,"[""Standard"",""Queen"",""Mattress""]"
williamsangela@miller-pope.com,Standard Queen Mattress,"[""Standard"",""Queen"",""Mattress""]"
stephaniedawson@yahoo.com,Premium Twin Mattress,"[""Premium"",""Twin"",""Mattress""]"
uallen@mcgee-morales.org,Standard King Mattress,"[""Standard"",""King"",""Mattress""]"
kimberly653@gmail.com,Premium Queen Mattress,"[""Premium"",""Queen"",""Mattress""]"
paulahicks@walters.com,Standard Queen Mattress,"[""Standard"",""Queen"",""Mattress""]"
davidarnold@davis-delacruz.com,Standard King Mattress,"[""Standard"",""King"",""Mattress""]"
jeffrey68@hotmail.com,Standard King Mattress,"[""Standard"",""King"",""Mattress""]"
lopeztony@ferguson-haynes.org,Standard Queen Mattress,"[""Standard"",""Queen"",""Mattress""]"
ferrellchristopher@yahoo.com,Standard Foam Pillow,"[""Standard"",""Foam"",""Pillow""]"
nathanhawkins@smith.org,Standard Twin Mattress,"[""Standard"",""Twin"",""Mattress""]"
davidthompson@peterson.org,Premium King Mattress,"[""Premium"",""King"",""Mattress""]"
markskimberly@cross.net,Standard King Mattress,"[""Standard"",""King"",""Mattress""]"
alicia03@yahoo.com,Premium King Mattress,"[""Premium"",""King"",""Mattress""]"
destinytucker@smith-valdez.com,Standard King Mattress,"[""Standard"",""King"",""Mattress""]"
destinytucker@smith-valdez.com,Standard Twin Mattress,"[""Standard"",""Twin"",""Mattress""]"
esanchez@gmail.com,Standard Queen Mattress,"[""Standard"",""Queen"",""Mattress""]"
eric4783@gmail.com,Premium King Mattress,"[""Premium"",""King"",""Mattress""]"
eric4783@gmail.com,Premium Twin Mattress,"[""Premium"",""Twin"",""Mattress""]"
cody55@yahoo.com,Standard King Mattress,"[""Standard"",""King"",""Mattress""]"
james63@glenn.org,Standard Twin Mattress,"[""Standard"",""Twin"",""Mattress""]"
derek60@alexander.com,Standard King Mattress,"[""Standard"",""King"",""Mattress""]"
troymartinez@andrade-holland.biz,Standard Queen Mattress,"[""Standard"",""Queen"",""Mattress""]"
johnlewis82@yahoo.com,Standard King Mattress,"[""Standard"",""King"",""Mattress""]"
edwardsgabriel@wallace.biz,Standard Twin Mattress,"[""Standard"",""Twin"",""Mattress""]"
rmarquez@gmail.com,Premium Queen Mattress,"[""Premium"",""Queen"",""Mattress""]"
gtorres64@lowe.com,Premium Twin Mattress,"[""Premium"",""Twin"",""Mattress""]"
gtorres64@lowe.com,Standard Foam Pillow,"[""Standard"",""Foam"",""Pillow""]"
raymond15@mccoy.com,Standard Twin Mattress,"[""Standard"",""Twin"",""Mattress""]"
eric84@howell-brooks.org,Standard Full Mattress,"[""Standard"",""Full"",""Mattress""]"
stephen84@hahn-collins.com,Standard Full Mattress,"[""Standard"",""Full"",""Mattress""]"
stephen84@hahn-collins.com,King Down Pillow,"[""King"",""Down"",""Pillow""]"
natashacarrillo@reynolds-wright.com,Standard Twin Mattress,"[""Standard"",""Twin"",""Mattress""]"
natashacarrillo@reynolds-wright.com,Standard Full Mattress,"[""Standard"",""Full"",""Mattress""]"
timothy40@oconnor.info,Standard Queen Mattress,"[""Standard"",""Queen"",""Mattress""]"
debrajones@guerrero-wyatt.biz,Standard Queen Mattress,"[""Standard"",""Queen"",""Mattress""]"
crystalrichards@hicks.biz,Standard Twin Mattress,"[""Standard"",""Twin"",""Mattress""]"
kevin35@romero.com,Premium Queen Mattress,"[""Premium"",""Queen"",""Mattress""]"
kevin35@romero.com,Standard Foam Pillow,"[""Standard"",""Foam"",""Pillow""]"
daniel217@gmail.com,Standard Queen Mattress,"[""Standard"",""Queen"",""Mattress""]"
ssmith21@hotmail.com,Standard King Mattress,"[""Standard"",""King"",""Mattress""]"
chaseryan@rodriguez.com,Standard Twin Mattress,"[""Standard"",""Twin"",""Mattress""]"
ksalinas@gmail.com,Standard Queen Mattress,"[""Standard"",""Queen"",""Mattress""]"
ericedwards@gmail.com,Standard Twin Mattress,"[""Standard"",""Twin"",""Mattress""]"
karenmorgan@jones.org,Standard King Mattress,"[""Standard"",""King"",""Mattress""]"
sheltonveronica@hughes.com,Standard Full Mattress,"[""Standard"",""Full"",""Mattress""]"
reynoldskelly@mcbride.com,Standard Queen Mattress,"[""Standard"",""Queen"",""Mattress""]"
reynoldskelly@mcbride.com,Premium Queen Mattress,"[""Premium"",""Queen"",""Mattress""]"
brendamoody@gmail.com,Standard Down Pillow,"[""Standard"",""Down"",""Pillow""]"
fowlerdonald@hotmail.com,Premium King Mattress,"[""Premium"",""King"",""Mattress""]"
fowlerdonald@hotmail.com,Standard Twin Mattress,"[""Standard"",""Twin"",""Mattress""]"
austinblair@cobb.com,Premium Queen Mattress,"[""Premium"",""Queen"",""Mattress""]"
lnelson75@hotmail.com,Standard Queen Mattress,"[""Standard"",""Queen"",""Mattress""]"
holdenkristi@miller.biz,Standard Queen Mattress,"[""Standard"",""Queen"",""Mattress""]"
holdenkristi@miller.biz,Premium Queen Mattress,"[""Premium"",""Queen"",""Mattress""]"
grobbins@mccoy.info,Standard Twin Mattress,"[""Standard"",""Twin"",""Mattress""]"
vmanning@morgan.com,Premium King Mattress,"[""Premium"",""King"",""Mattress""]"
vmanning@morgan.com,Standard Foam Pillow,"[""Standard"",""Foam"",""Pillow""]"
barbereric@mcdonald-dodson.com,Standard Queen Mattress,"[""Standard"",""Queen"",""Mattress""]"
barbereric@mcdonald-dodson.com,Standard Twin Mattress,"[""Standard"",""Twin"",""Mattress""]"
michael31@humphrey-cooper.com,Standard Full Mattress,"[""Standard"",""Full"",""Mattress""]"
bailey40@hotmail.com,Standard Full Mattress,"[""Standard"",""Full"",""Mattress""]"
kevin75@simmons.com,Standard King Mattress,"[""Standard"",""King"",""Mattress""]"
kevin75@simmons.com,King Down Pillow,"[""King"",""Down"",""Pillow""]"
anthony30@gmail.com,Standard King Mattress,"[""Standard"",""King"",""Mattress""]"
cjordan@bowman.biz,Premium Full Mattress,"[""Premium"",""Full"",""Mattress""]"
antonio93@lane-rogers.net,Standard King Mattress,"[""Standard"",""King"",""Mattress""]"
robertstevens@holt.com,Standard Queen Mattress,"[""Standard"",""Queen"",""Mattress""]"
jsawyer1@yahoo.com,Standard Twin Mattress,"[""Standard"",""Twin"",""Mattress""]"
csmith@lowe.com,Standard Twin Mattress,"[""Standard"",""Twin"",""Mattress""]"
francischarles@gmail.com,Standard Twin Mattress,"[""Standard"",""Twin"",""Mattress""]"
johnsmith@shaffer.com,Standard King Mattress,"[""Standard"",""King"",""Mattress""]"
johnsonshannon57@yahoo.com,Standard King Mattress,"[""Standard"",""King"",""Mattress""]"
collierkimberly@hickman.net,King Foam Pillow,"[""King"",""Foam"",""Pillow""]"
castanedarebecca@yahoo.com,Standard Twin Mattress,"[""Standard"",""Twin"",""Mattress""]"
castanedarebecca@yahoo.com,King Foam Pillow,"[""King"",""Foam"",""Pillow""]"
robbinsmelissa@gmail.com,Standard King Mattress,"[""Standard"",""King"",""Mattress""]"
james7039@hotmail.com,Standard Queen Mattress,"[""Standard"",""Queen"",""Mattress""]"
annette78@velasquez.net,Standard Twin Mattress,"[""Standard"",""Twin"",""Mattress""]"
jordancollin@gmail.com,Standard Queen Mattress,"[""Standard"",""Queen"",""Mattress""]"
cpineda@yahoo.com,Standard Queen Mattress,"[""Standard"",""Queen"",""Mattress""]"
molinatanya@hotmail.com,Standard Full Mattress,"[""Standard"",""Full"",""Mattress""]"
dhill22@hotmail.com,Standard Queen Mattress,"[""Standard"",""Queen"",""Mattress""]"
thompsonandre@yahoo.com,Standard Twin Mattress,"[""Standard"",""Twin"",""Mattress""]"
timothybooker@hotmail.com,Premium Twin Mattress,"[""Premium"",""Twin"",""Mattress""]"
emilyfowler@hotmail.com,Standard Queen Mattress,"[""Standard"",""Queen"",""Mattress""]"
joshua38@gmail.com,Standard King Mattress,"[""Standard"",""King"",""Mattress""]"
orogers@harris.com,Standard Queen Mattress,"[""Standard"",""Queen"",""Mattress""]"
pbranch@yahoo.com,Standard Queen Mattress,"[""Standard"",""Queen"",""Mattress""]"
teresabrown@rojas.net,Standard King Mattress,"[""Standard"",""King"",""Mattress""]"
omar92@yahoo.com,Standard King Mattress,"[""Standard"",""King"",""Mattress""]"
ubrown@greene.com,Standard Full Mattress,"[""Standard"",""Full"",""Mattress""]"
ddavis@yahoo.com,Premium King Mattress,"[""Premium"",""King"",""Mattress""]"
gomezjames@gay.org,Standard Twin Mattress,"[""Standard"",""Twin"",""Mattress""]"
xbuck@edwards.com,Standard Full Mattress,"[""Standard"",""Full"",""Mattress""]"
ashleymassey@ashley.com,King Down Pillow,"[""King"",""Down"",""Pillow""]"
zperez95@yahoo.com,Premium King Mattress,"[""Premium"",""King"",""Mattress""]"
kylecrawford@simmons-casey.com,Standard Twin Mattress,"[""Standard"",""Twin"",""Mattress""]"
washingtonjustin@lopez.com,Standard King Mattress,"[""Standard"",""King"",""Mattress""]"
cameronmichael@simmons-moore.com,Standard Queen Mattress,"[""Standard"",""Queen"",""Mattress""]"
matthewmacias@morales-jones.biz,Standard Queen Mattress,"[""Standard"",""Queen"",""Mattress""]"
brian60@mercado.com,Standard Twin Mattress,"[""Standard"",""Twin"",""Mattress""]"
petermendoza@hotmail.com,Standard Twin Mattress,"[""Standard"",""Twin"",""Mattress""]"
kim4044@yahoo.com,Standard Queen Mattress,"[""Standard"",""Queen"",""Mattress""]"
nathan45@gmail.com,Standard Queen Mattress,"[""Standard"",""Queen"",""Mattress""]"
hallmelissa@hotmail.com,Standard Queen Mattress,"[""Standard"",""Queen"",""Mattress""]"
lopezcaroline@yahoo.com,Premium Queen Mattress,"[""Premium"",""Queen"",""Mattress""]"
ggriffin@vazquez.org,Standard Queen Mattress,"[""Standard"",""Queen"",""Mattress""]"
howardalexis61@yahoo.com,Premium Twin Mattress,"[""Premium"",""Twin"",""Mattress""]"
ashleyriley@anthony.biz,Standard King Mattress,"[""Standard"",""King"",""Mattress""]"
adamsandrea@martinez-lopez.com,Standard Twin Mattress,"[""Standard"",""Twin"",""Mattress""]"
qhurst@yahoo.com,Standard Queen Mattress,"[""Standard"",""Queen"",""Mattress""]"
qhurst@yahoo.com,Premium Twin Mattress,"[""Premium"",""Twin"",""Mattress""]"
smitheric@taylor-roberts.com,Standard Twin Mattress,"[""Standard"",""Twin"",""Mattress""]"
yrobbins@bryant.org,Premium Full Mattress,"[""Premium"",""Full"",""Mattress""]"
grahamkelsey@sanchez.com,Standard Twin Mattress,"[""Standard"",""Twin"",""Mattress""]"
hparker@harris.net,Standard King Mattress,"[""Standard"",""King"",""Mattress""]"
sheilasandoval@hudson.com,Premium King Mattress,"[""Premium"",""King"",""Mattress""]"
michael93@hensley.com,Standard Twin Mattress,"[""Standard"",""Twin"",""Mattress""]"
hollyfowler@hayes.net,Standard Twin Mattress,"[""Standard"",""Twin"",""Mattress""]"
hollyfowler@hayes.net,Standard Queen Mattress,"[""Standard"",""Queen"",""Mattress""]"
tyler49@davis-white.biz,Standard Queen Mattress,"[""Standard"",""Queen"",""Mattress""]"
tyler49@davis-white.biz,Standard King Mattress,"[""Standard"",""King"",""Mattress""]"
walkerherbert@smith.com,Premium Queen Mattress,"[""Premium"",""Queen"",""Mattress""]"
vduke@hotmail.com,Premium Twin Mattress,"[""Premium"",""Twin"",""Mattress""]"
vduke@hotmail.com,Standard Full Mattress,"[""Standard"",""Full"",""Mattress""]"
reginasantana@hotmail.com,Standard King Mattress,"[""Standard"",""King"",""Mattress""]"
reginasantana@hotmail.com,King Down Pillow,"[""King"",""Down"",""Pillow""]"
tarellano@reynolds.com,Standard Twin Mattress,"[""Standard"",""Twin"",""Mattress""]"
joshuasims@harris.net,Standard Queen Mattress,"[""Standard"",""Queen"",""Mattress""]"
haleyangie@gmail.com,Standard King Mattress,"[""Standard"",""King"",""Mattress""]"
haleyangie@gmail.com,Standard Down Pillow,"[""Standard"",""Down"",""Pillow""]"
savannahclarke@brooks.com,Standard Twin Mattress,"[""Standard"",""Twin"",""Mattress""]"
masonsteven@gmail.com,Standard Twin Mattress,"[""Standard"",""Twin"",""Mattress""]"
mcintoshjoseph@castillo.info,Premium King Mattress,"[""Premium"",""King"",""Mattress""]"
richardsonmichele@livingston-martin.com,Standard Twin Mattress,"[""Standard"",""Twin"",""Mattress""]"
kmullen27@gmail.com,Standard Queen Mattress,"[""Standard"",""Queen"",""Mattress""]"
tylervance@gmail.com,Standard Queen Mattress,"[""Standard"",""Queen"",""Mattress""]"
tylervance@gmail.com,Standard King Mattress,"[""Standard"",""King"",""Mattress""]"
lopezdawn@morales.com,Premium King Mattress,"[""Premium"",""King"",""Mattress""]"
lopezdawn@morales.com,Standard Twin Mattress,"[""Standard"",""Twin"",""Mattress""]"
crystal74@bailey.com,Standard Queen Mattress,"[""Standard"",""Queen"",""Mattress""]"
william8129@yahoo.com,Standard Full Mattress,"[""Standard"",""Full"",""Mattress""]"
jasminebaker@collins.com,Standard Full Mattress,"[""Standard"",""Full"",""Mattress""]"
kerry59@thompson-manning.net,Standard Queen Mattress,"[""Standard"",""Queen"",""Mattress""]"
sandra8389@yahoo.com,Standard Twin Mattress,"[""Standard"",""Twin"",""Mattress""]"
jamesfitzgerald76@gmail.com,Standard Down Pillow,"[""Standard"",""Down"",""Pillow""]"
hdougherty@barker.com,Premium King Mattress,"[""Premium"",""King"",""Mattress""]"
dunncassandra@good.biz,Standard Queen Mattress,"[""Standard"",""Queen"",""Mattress""]"
butlergregory@gmail.com,Standard Queen Mattress,"[""Standard"",""Queen"",""Mattress""]"
toni06@gmail.com,Standard Queen Mattress,"[""Standard"",""Queen"",""Mattress""]"
ihorn@yahoo.com,Standard Queen Mattress,"[""Standard"",""Queen"",""Mattress""]"
nguyenmegan@yahoo.com,Standard King Mattress,"[""Standard"",""King"",""Mattress""]"
michael12@miller-garcia.net,Standard Full Mattress,"[""Standard"",""Full"",""Mattress""]"
jasoncarr@hotmail.com,Standard King Mattress,"[""Standard"",""King"",""Mattress""]"
flowersrhonda@paul.com,Standard King Mattress,"[""Standard"",""King"",""Mattress""]"
flowersrhonda@paul.com,King Foam Pillow,"[""King"",""Foam"",""Pillow""]"
ramosfrank@hotmail.com,Premium Twin Mattress,"[""Premium"",""Twin"",""Mattress""]"
martinlauren@yahoo.com,Premium Queen Mattress,"[""Premium"",""Queen"",""Mattress""]"
aaron84@turner-hood.org,Standard Twin Mattress,"[""Standard"",""Twin"",""Mattress""]"
michelle39@byrd.info,Standard Queen Mattress,"[""Standard"",""Queen"",""Mattress""]"
riddledesiree@gmail.com,Standard Twin Mattress,"[""Standard"",""Twin"",""Mattress""]"
brittanygilbert@silva.org,Standard Twin Mattress,"[""Standard"",""Twin"",""Mattress""]"
shawmichael13@gmail.com,Standard Down Pillow,"[""Standard"",""Down"",""Pillow""]"
sromero39@yahoo.com,Premium King Mattress,"[""Premium"",""King"",""Mattress""]"
teresapeterson@brown-chambers.com,Standard Twin Mattress,"[""Standard"",""Twin"",""Mattress""]"
teresapeterson@brown-chambers.com,Standard Foam Pillow,"[""Standard"",""Foam"",""Pillow""]"
teresapeterson@brown-chambers.com,Standard Queen Mattress,"[""Standard"",""Queen"",""Mattress""]"
jerrymiller@wang.biz,Premium Queen Mattress,"[""Premium"",""Queen"",""Mattress""]"
scottjared@yahoo.com,Standard Queen Mattress,"[""Standard"",""Queen"",""Mattress""]"
hunderwood@hotmail.com,Standard Twin Mattress,"[""Standard"",""Twin"",""Mattress""]"
hunderwood@hotmail.com,King Down Pillow,"[""King"",""Down"",""Pillow""]"
frank48@sanchez-cohen.com,Standard Queen Mattress,"[""Standard"",""Queen"",""Mattress""]"
andreajones@davis.org,Premium King Mattress,"[""Premium"",""King"",""Mattress""]"
cfigueroa@thomas-hayes.com,Standard Twin Mattress,"[""Standard"",""Twin"",""Mattress""]"
morganmatthew@gmail.com,Standard King Mattress,"[""Standard"",""King"",""Mattress""]"
tfox@yahoo.com,Standard Twin Mattress,"[""Standard"",""Twin"",""Mattress""]"
jschneider@williams.net,Standard Twin Mattress,"[""Standard"",""Twin"",""Mattress""]"
zpotter@taylor-chan.biz,Premium Full Mattress,"[""Premium"",""Full"",""Mattress""]"
pettylinda@hotmail.com,Standard King Mattress,"[""Standard"",""King"",""Mattress""]"
pettylinda@hotmail.com,King Down Pillow,"[""King"",""Down"",""Pillow""]"
paul57@brown.com,Standard Queen Mattress,"[""Standard"",""Queen"",""Mattress""]"
ernest49@johnson.com,Standard Queen Mattress,"[""Standard"",""Queen"",""Mattress""]"
crystal40@tanner-hess.com,Standard Full Mattress,"[""Standard"",""Full"",""Mattress""]"
wthompson65@gmail.com,Standard King Mattress,"[""Standard"",""King"",""Mattress""]"
kyle43@harvey-chambers.com,Standard King Mattress,"[""Standard"",""King"",""Mattress""]"
johnsondenise53@yahoo.com,Standard King Mattress,"[""Standard"",""King"",""Mattress""]"
johnsondenise53@yahoo.com,King Down Pillow,"[""King"",""Down"",""Pillow""]"
omccullough@hotmail.com,Premium Twin Mattress,"[""Premium"",""Twin"",""Mattress""]"
rbrown31@gmail.com,Standard Queen Mattress,"[""Standard"",""Queen"",""Mattress""]"
justin08@obrien-jones.com,Standard Twin Mattress,"[""Standard"",""Twin"",""Mattress""]"
justin08@obrien-jones.com,Standard Foam Pillow,"[""Standard"",""Foam"",""Pillow""]"
andrewmartin45@yahoo.com,Standard King Mattress,"[""Standard"",""King"",""Mattress""]"
katherine43@kelley.com,King Down Pillow,"[""King"",""Down"",""Pillow""]"
scottnatasha@lane-stewart.com,Standard Full Mattress,"[""Standard"",""Full"",""Mattress""]"
kathryn94@adams-moore.info,Standard Twin Mattress,"[""Standard"",""Twin"",""Mattress""]"
kathryn94@adams-moore.info,Premium Full Mattress,"[""Premium"",""Full"",""Mattress""]"
michellegibson2@yahoo.com,Standard Down Pillow,"[""Standard"",""Down"",""Pillow""]"
elizabethkeith@lee.com,Standard Full Mattress,"[""Standard"",""Full"",""Mattress""]"
mccarthylaura@taylor.com,Premium Twin Mattress,"[""Premium"",""Twin"",""Mattress""]"
thomas7028@hotmail.com,Premium Full Mattress,"[""Premium"",""Full"",""Mattress""]"
taylorcampbell@hotmail.com,Standard Full Mattress,"[""Standard"",""Full"",""Mattress""]"
suzannerollins@yahoo.com,Standard Full Mattress,"[""Standard"",""Full"",""Mattress""]"
billymartinez@walton.com,Standard King Mattress,"[""Standard"",""King"",""Mattress""]"
kristen32@gmail.com,Premium Full Mattress,"[""Premium"",""Full"",""Mattress""]"
dawn45@harris.com,Standard Full Mattress,"[""Standard"",""Full"",""Mattress""]"
geoffreystevens@gmail.com,Standard Foam Pillow,"[""Standard"",""Foam"",""Pillow""]"
campbellrobert67@hotmail.com,Standard Queen Mattress,"[""Standard"",""Queen"",""Mattress""]"
tammy20@hotmail.com,Standard Foam Pillow,"[""Standard"",""Foam"",""Pillow""]"
eschneider@whitaker.net,Standard King Mattress,"[""Standard"",""King"",""Mattress""]"
eschneider@whitaker.net,Standard Twin Mattress,"[""Standard"",""Twin"",""Mattress""]"
adamking@yahoo.com,Premium King Mattress,"[""Premium"",""King"",""Mattress""]"
ashleyadkins@gomez-ryan.info,Standard Twin Mattress,"[""Standard"",""Twin"",""Mattress""]"
garcialatasha@ruiz.com,Standard Twin Mattress,"[""Standard"",""Twin"",""Mattress""]"
stephaniebrooks@martinez-adams.com,Standard Twin Mattress,"[""Standard"",""Twin"",""Mattress""]"
stephaniebrooks@martinez-adams.com,Standard Down Pillow,"[""Standard"",""Down"",""Pillow""]"
xavier95@yahoo.com,Standard Queen Mattress,"[""Standard"",""Queen"",""Mattress""]"
michelle6796@hotmail.com,Standard Twin Mattress,"[""Standard"",""Twin"",""Mattress""]"
amanda51@horton.com,Premium King Mattress,"[""Premium"",""King"",""Mattress""]"
christophercisneros@saunders-oneill.org,Standard Full Mattress,"[""Standard"",""Full"",""Mattress""]"
gpatel@hotmail.com,Standard Queen Mattress,"[""Standard"",""Queen"",""Mattress""]"
finleytiffany@gmail.com,Standard King Mattress,"[""Standard"",""King"",""Mattress""]"
jill48@thompson-flores.info,Standard Queen Mattress,"[""Standard"",""Queen"",""Mattress""]"
mathewsdarryl@gmail.com,Standard King Mattress,"[""Standard"",""King"",""Mattress""]"
lisafreeman@owens.info,Standard Twin Mattress,"[""Standard"",""Twin"",""Mattress""]"
barbaragraves@powell.com,Standard Down Pillow,"[""Standard"",""Down"",""Pillow""]"
jordanrandy@gonzalez-lam.com,Standard Queen Mattress,"[""Standard"",""Queen"",""Mattress""]"
meganirwin@yu.com,Standard King Mattress,"[""Standard"",""King"",""Mattress""]"
zimmermanelizabeth@miller-moore.org,Premium King Mattress,"[""Premium"",""King"",""Mattress""]"
rileypaul@miller-cunningham.org,Standard Twin Mattress,"[""Standard"",""Twin"",""Mattress""]"
rileypaul@miller-cunningham.org,Standard Foam Pillow,"[""Standard"",""Foam"",""Pillow""]"
alexadavis@fischer.com,Standard King Mattress,"[""Standard"",""King"",""Mattress""]"
danny35@yahoo.com,Standard Twin Mattress,"[""Standard"",""Twin"",""Mattress""]"
danny35@yahoo.com,King Down Pillow,"[""King"",""Down"",""Pillow""]"
justin72@yahoo.com,Standard King Mattress,"[""Standard"",""King"",""Mattress""]"
christine95@bishop.net,Standard Twin Mattress,"[""Standard"",""Twin"",""Mattress""]"
heather34@hotmail.com,Standard King Mattress,"[""Standard"",""King"",""Mattress""]"
jenniferlambert@jimenez-cox.com,Standard Full Mattress,"[""Standard"",""Full"",""Mattress""]"
williamsondarren@sutton.com,Standard Twin Mattress,"[""Standard"",""Twin"",""Mattress""]"
corey15@combs-baker.net,Standard Twin Mattress,"[""Standard"",""Twin"",""Mattress""]"
cookwilliam@salinas-humphrey.biz,Premium King Mattress,"[""Premium"",""King"",""Mattress""]"
lisaoneal@moore-williams.info,Premium Twin Mattress,"[""Premium"",""Twin"",""Mattress""]"
jennaenglish@green.com,Standard Queen Mattress,"[""Standard"",""Queen"",""Mattress""]"
michelemcgee@gmail.com,Standard Twin Mattress,"[""Standard"",""Twin"",""Mattress""]"
ubeasley@baxter-archer.com,Standard Twin Mattress,"[""Standard"",""Twin"",""Mattress""]"
kyoung66@gmail.com,Premium Queen Mattress,"[""Premium"",""Queen"",""Mattress""]"
joshuaortiz@hotmail.com,Standard King Mattress,"[""Standard"",""King"",""Mattress""]"
todd38@gmail.com,Premium King Mattress,"[""Premium"",""King"",""Mattress""]"
dlawson@castaneda-daniels.com,Premium Queen Mattress,"[""Premium"",""Queen"",""Mattress""]"
rowlandamanda@yahoo.com,Standard Twin Mattress,"[""Standard"",""Twin"",""Mattress""]"
valdezdale@gmail.com,Standard Twin Mattress,"[""Standard"",""Twin"",""Mattress""]"
judy89@gmail.com,Standard Queen Mattress,"[""Standard"",""Queen"",""Mattress""]"
judy89@gmail.com,Standard Foam Pillow,"[""Standard"",""Foam"",""Pillow""]"
vhanson@hotmail.com,Standard Queen Mattress,"[""Standard"",""Queen"",""Mattress""]"
xbaker@wyatt.biz,Standard Down Pillow,"[""Standard"",""Down"",""Pillow""]"
hooverdeborah@yahoo.com,Premium Twin Mattress,"[""Premium"",""Twin"",""Mattress""]"
hooverdeborah@yahoo.com,Standard Queen Mattress,"[""Standard"",""Queen"",""Mattress""]"
vincentchavez@levine.com,Standard King Mattress,"[""Standard"",""King"",""Mattress""]"
vincentchavez@levine.com,King Down Pillow,"[""King"",""Down"",""Pillow""]"
taylorsantana@ross-gomez.com,Premium Queen Mattress,"[""Premium"",""Queen"",""Mattress""]"
priscillachavez@silva.biz,Standard Queen Mattress,"[""Standard"",""Queen"",""Mattress""]"
priscillachavez@silva.biz,King Foam Pillow,"[""King"",""Foam"",""Pillow""]"
steeledawn@miller.biz,Premium Queen Mattress,"[""Premium"",""Queen"",""Mattress""]"
harperbrian@foley-rodriguez.com,Standard Twin Mattress,"[""Standard"",""Twin"",""Mattress""]"
longkaitlyn@haas.biz,Standard Twin Mattress,"[""Standard"",""Twin"",""Mattress""]"
daniel52@hughes-edwards.com,Standard Twin Mattress,"[""Standard"",""Twin"",""Mattress""]"
damonbrooks@ray.com,Standard Queen Mattress,"[""Standard"",""Queen"",""Mattress""]"
austinmartin@reyes.com,Premium Full Mattress,"[""Premium"",""Full"",""Mattress""]"
briggsbryan@gmail.com,Standard Twin Mattress,"[""Standard"",""Twin"",""Mattress""]"
jon3282@yahoo.com,Standard King Mattress,"[""Standard"",""King"",""Mattress""]"
victor96@navarro.com,Standard King Mattress,"[""Standard"",""King"",""Mattress""]"
boothteresa@murray-king.com,Premium Twin Mattress,"[""Premium"",""Twin"",""Mattress""]"
boothteresa@murray-king.com,Standard Queen Mattress,"[""Standard"",""Queen"",""Mattress""]"
kwilliams56@gmail.com,Premium Queen Mattress,"[""Premium"",""Queen"",""Mattress""]"
zscott@williams-hughes.com,Standard Twin Mattress,"[""Standard"",""Twin"",""Mattress""]"
yglover@yahoo.com,Standard Queen Mattress,"[""Standard"",""Queen"",""Mattress""]"
hatfieldjonathan@martin.com,Standard Queen Mattress,"[""Standard"",""Queen"",""Mattress""]"
markduarte@burnett-shepherd.net,Standard Twin Mattress,"[""Standard"",""Twin"",""Mattress""]"
cchen23@gmail.com,Premium King Mattress,"[""Premium"",""King"",""Mattress""]"
briantucker@gmail.com,Standard Full Mattress,"[""Standard"",""Full"",""Mattress""]"
briankent@bauer.com,Standard King Mattress,"[""Standard"",""King"",""Mattress""]"
thomasjasmine@barrett.org,Premium Queen Mattress,"[""Premium"",""Queen"",""Mattress""]"
anthonywilson@le.info,Standard King Mattress,"[""Standard"",""King"",""Mattress""]"
wilsonmichael77@gmail.com,Standard Twin Mattress,"[""Standard"",""Twin"",""Mattress""]"
wilsonmichael77@gmail.com,Standard Queen Mattress,"[""Standard"",""Queen"",""Mattress""]"
miguel4846@gmail.com,Standard Queen Mattress,"[""Standard"",""Queen"",""Mattress""]"
jessica507@yahoo.com,Standard King Mattress,"[""Standard"",""King"",""Mattress""]"
darlene23@yahoo.com,Standard Full Mattress,"[""Standard"",""Full"",""Mattress""]"
moseschristopher54@hotmail.com,Premium Twin Mattress,"[""Premium"",""Twin"",""Mattress""]"
lopezjoseph49@hotmail.com,Standard Queen Mattress,"[""Standard"",""Queen"",""Mattress""]"
pthompson@schroeder.com,Standard Queen Mattress,"[""Standard"",""Queen"",""Mattress""]"
pthompson@schroeder.com,Standard Down Pillow,"[""Standard"",""Down"",""Pillow""]"
amanda33@hardy.info,Standard Queen Mattress,"[""Standard"",""Queen"",""Mattress""]"
dbradshaw@yahoo.com,Standard Twin Mattress,"[""Standard"",""Twin"",""Mattress""]"
arnoldlaura@gmail.com,Standard Twin Mattress,"[""Standard"",""Twin"",""Mattress""]"
williamsamy53@hotmail.com,Standard King Mattress,"[""Standard"",""King"",""Mattress""]"
stewartandrew@yahoo.com,Premium King Mattress,"[""Premium"",""King"",""Mattress""]"
angela20@ruiz.org,Standard Twin Mattress,"[""Standard"",""Twin"",""Mattress""]"
phillipbarron@jones.net,Standard King Mattress,"[""Standard"",""King"",""Mattress""]"
hillzachary@yahoo.com,Premium Queen Mattress,"[""Premium"",""Queen"",""Mattress""]"
hillzachary@yahoo.com,Standard Foam Pillow,"[""Standard"",""Foam"",""Pillow""]"
georgelisa@yahoo.com,Standard Full Mattress,"[""Standard"",""Full"",""Mattress""]"
georgelisa@yahoo.com,Standard King Mattress,"[""Standard"",""King"",""Mattress""]"
jenniferhunt@hotmail.com,Standard King Mattress,"[""Standard"",""King"",""Mattress""]"
ylopez@mcgee.com,Standard Queen Mattress,"[""Standard"",""Queen"",""Mattress""]"
jeffrey38@yahoo.com,Standard Twin Mattress,"[""Standard"",""Twin"",""Mattress""]"
lorraineflores@gmail.com,Standard Full Mattress,"[""Standard"",""Full"",""Mattress""]"
lorraineflores@gmail.com,Standard Down Pillow,"[""Standard"",""Down"",""Pillow""]"
angela2244@gmail.com,Standard Queen Mattress,"[""Standard"",""Queen"",""Mattress""]"
travisshaw@yahoo.com,Standard Queen Mattress,"[""Standard"",""Queen"",""Mattress""]"
travisshaw@yahoo.com,King Down Pillow,"[""King"",""Down"",""Pillow""]"
jenniferpatel@torres.biz,Standard King Mattress,"[""Standard"",""King"",""Mattress""]"
paul4278@gmail.com,Standard Full Mattress,"[""Standard"",""Full"",""Mattress""]"
sfox47@yahoo.com,Standard Twin Mattress,"[""Standard"",""Twin"",""Mattress""]"
lmitchell74@yahoo.com,Standard Twin Mattress,"[""Standard"",""Twin"",""Mattress""]"
beth26@gmail.com,Standard King Mattress,"[""Standard"",""King"",""Mattress""]"
droberts@reynolds-rodriguez.com,Standard Full Mattress,"[""Standard"",""Full"",""Mattress""]"
turneramber@gmail.com,Standard Full Mattress,"[""Standard"",""Full"",""Mattress""]"
chelseagraves@macias-nguyen.org,Standard Full Mattress,"[""Standard"",""Full"",""Mattress""]"
pcole@colon.net,Standard Full Mattress,"[""Standard"",""Full"",""Mattress""]"
wilsonadrian@yahoo.com,Standard Full Mattress,"[""Standard"",""Full"",""Mattress""]"
andrewsrebecca@nichols.com,Premium Queen Mattress,"[""Premium"",""Queen"",""Mattress""]"
masonrichard@oconnor.com,Standard Queen Mattress,"[""Standard"",""Queen"",""Mattress""]"
jcruz@humphrey.com,Standard Queen Mattress,"[""Standard"",""Queen"",""Mattress""]"
dukeralph@richardson-hall.com,Standard Full Mattress,"[""Standard"",""Full"",""Mattress""]"
carol44@villanueva.com,Premium King Mattress,"[""Premium"",""King"",""Mattress""]"
carmen99@yahoo.com,Standard Queen Mattress,"[""Standard"",""Queen"",""Mattress""]"
jennamorales@yahoo.com,Standard Full Mattress,"[""Standard"",""Full"",""Mattress""]"
yolanda32@gmail.com,Standard Twin Mattress,"[""Standard"",""Twin"",""Mattress""]"
matthewroach@phillips.org,Standard Full Mattress,"[""Standard"",""Full"",""Mattress""]"
hhumphrey@pacheco.com,Premium Queen Mattress,"[""Premium"",""Queen"",""Mattress""]"
xlozano@yahoo.com,Premium Queen Mattress,"[""Premium"",""Queen"",""Mattress""]"
holly52@alvarado-thomas.org,Standard Twin Mattress,"[""Standard"",""Twin"",""Mattress""]"
elizabeth49@hill.org,Standard Twin Mattress,"[""Standard"",""Twin"",""Mattress""]"
matthew32@norman-austin.com,Premium Queen Mattress,"[""Premium"",""Queen"",""Mattress""]"
npetersen@romero.com,Standard Twin Mattress,"[""Standard"",""Twin"",""Mattress""]"
huntmichelle@taylor.biz,Standard King Mattress,"[""Standard"",""King"",""Mattress""]"
nicholejames@evans.org,Standard Twin Mattress,"[""Standard"",""Twin"",""Mattress""]"
iwolf@erickson.biz,Standard Twin Mattress,"[""Standard"",""Twin"",""Mattress""]"
raymondayala@lewis.biz,Premium Queen Mattress,"[""Premium"",""Queen"",""Mattress""]"
xwells@yahoo.com,Standard Full Mattress,"[""Standard"",""Full"",""Mattress""]"
linda54@hayes-cooke.com,King Foam Pillow,"[""King"",""Foam"",""Pillow""]"
bcarter@browning-hernandez.net,Standard Full Mattress,"[""Standard"",""Full"",""Mattress""]"
lisa6210@yahoo.com,Premium Full Mattress,"[""Premium"",""Full"",""Mattress""]"
thompsonbreanna@underwood.com,Standard Twin Mattress,"[""Standard"",""Twin"",""Mattress""]"
thompsonbreanna@underwood.com,Standard Queen Mattress,"[""Standard"",""Queen"",""Mattress""]"
gregorymoran@sanders.com,Standard Twin Mattress,"[""Standard"",""Twin"",""Mattress""]"
heatheredwards@gmail.com,King Down Pillow,"[""King"",""Down"",""Pillow""]"
vargasjacqueline@roman.com,Standard King Mattress,"[""Standard"",""King"",""Mattress""]"
rushmichelle@hotmail.com,Premium Queen Mattress,"[""Premium"",""Queen"",""Mattress""]"
williamcantu@taylor.biz,Standard Full Mattress,"[""Standard"",""Full"",""Mattress""]"
kelleybridget@gmail.com,Premium Twin Mattress,"[""Premium"",""Twin"",""Mattress""]"
cmitchell@kelly.com,Standard Queen Mattress,"[""Standard"",""Queen"",""Mattress""]"
reynoldslori@nelson.info,Premium Twin Mattress,"[""Premium"",""Twin"",""Mattress""]"
sararivas@mayo.com,Standard Twin Mattress,"[""Standard"",""Twin"",""Mattress""]"
sarahbrown@haynes.com,Premium Twin Mattress,"[""Premium"",""Twin"",""Mattress""]"
kyle50@pugh.com,Standard Queen Mattress,"[""Standard"",""Queen"",""Mattress""]"
cgeorge@cain-cherry.com,Standard Queen Mattress,"[""Standard"",""Queen"",""Mattress""]"
rogersdanielle@gmail.com,Standard Queen Mattress,"[""Standard"",""Queen"",""Mattress""]"
vanessa50@gmail.com,Standard Full Mattress,"[""Standard"",""Full"",""Mattress""]"
jschneider@sherman.org,Standard Queen Mattress,"[""Standard"",""Queen"",""Mattress""]"
stephanie8049@hotmail.com,Standard Full Mattress,"[""Standard"",""Full"",""Mattress""]"
guzmancaroline@hotmail.com,Standard Twin Mattress,"[""Standard"",""Twin"",""Mattress""]"
mariah57@gmail.com,Standard King Mattress,"[""Standard"",""King"",""Mattress""]"
jaymitchell@gmail.com,Standard Twin Mattress,"[""Standard"",""Twin"",""Mattress""]"
mathiswillie@holmes.com,Premium Twin Mattress,"[""Premium"",""Twin"",""Mattress""]"
hcarlson@yahoo.com,Standard King Mattress,"[""Standard"",""King"",""Mattress""]"
madams29@hotmail.com,Standard Twin Mattress,"[""Standard"",""Twin"",""Mattress""]"
vheath@thompson.com,Standard Twin Mattress,"[""Standard"",""Twin"",""Mattress""]"
mark3077@gmail.com,Standard Full Mattress,"[""Standard"",""Full"",""Mattress""]"
brandon87@hotmail.com,Standard Full Mattress,"[""Standard"",""Full"",""Mattress""]"
justintorres@thomas.com,Standard King Mattress,"[""Standard"",""King"",""Mattress""]"
justintorres@thomas.com,King Foam Pillow,"[""King"",""Foam"",""Pillow""]"
awilliams@leon.biz,Standard Twin Mattress,"[""Standard"",""Twin"",""Mattress""]"
awilliams@leon.biz,Standard Queen Mattress,"[""Standard"",""Queen"",""Mattress""]"
schmidtkelly@gmail.com,Standard King Mattress,"[""Standard"",""King"",""Mattress""]"
charlesdavid@mueller-aguilar.com,Standard Full Mattress,"[""Standard"",""Full"",""Mattress""]"
ashleybarron@yahoo.com,Standard Twin Mattress,"[""Standard"",""Twin"",""Mattress""]"
hutchinsonanthony@mack.com,King Foam Pillow,"[""King"",""Foam"",""Pillow""]"
halvarez@stout-snyder.net,Standard King Mattress,"[""Standard"",""King"",""Mattress""]"
usmith87@gmail.com,Standard Queen Mattress,"[""Standard"",""Queen"",""Mattress""]"
dawnjohnson@gmail.com,Premium King Mattress,"[""Premium"",""King"",""Mattress""]"
jasminegarcia@gregory.com,Standard Twin Mattress,"[""Standard"",""Twin"",""Mattress""]"
kenneth3761@gmail.com,Premium Twin Mattress,"[""Premium"",""Twin"",""Mattress""]"
lisa66@martinez-smith.com,Standard Full Mattress,"[""Standard"",""Full"",""Mattress""]"
lisa66@martinez-smith.com,King Foam Pillow,"[""King"",""Foam"",""Pillow""]"
jschroeder@edwards-kelly.com,Standard Queen Mattress,"[""Standard"",""Queen"",""Mattress""]"
martinadam@yahoo.com,Standard Full Mattress,"[""Standard"",""Full"",""Mattress""]"
garciaamanda56@gmail.com,Standard Full Mattress,"[""Standard"",""Full"",""Mattress""]"
mccallapril@hotmail.com,Standard Queen Mattress,"[""Standard"",""Queen"",""Mattress""]"
sanchezjames35@gmail.com,Standard King Mattress,"[""Standard"",""King"",""Mattress""]"
jdorsey@hotmail.com,Premium Twin Mattress,"[""Premium"",""Twin"",""Mattress""]"
mallorymoody@jones-vasquez.com,Premium Queen Mattress,"[""Premium"",""Queen"",""Mattress""]"
fwilliams30@yahoo.com,Premium Twin Mattress,"[""Premium"",""Twin"",""Mattress""]"
hlewis56@yahoo.com,Standard Queen Mattress,"[""Standard"",""Queen"",""Mattress""]"
lori27@maldonado.info,Premium King Mattress,"[""Premium"",""King"",""Mattress""]"
bsantiago@hotmail.com,Standard Twin Mattress,"[""Standard"",""Twin"",""Mattress""]"
lgutierrez@wiggins-williams.net,Standard King Mattress,"[""Standard"",""King"",""Mattress""]"
angela395@gmail.com,Premium Twin Mattress,"[""Premium"",""Twin"",""Mattress""]"
angela395@gmail.com,Standard Foam Pillow,"[""Standard"",""Foam"",""Pillow""]"
darinreed@gmail.com,Premium Queen Mattress,"[""Premium"",""Queen"",""Mattress""]"
shawsusan@hotmail.com,Standard Twin Mattress,"[""Standard"",""Twin"",""Mattress""]"
shepardvanessa@gallagher.com,Premium Queen Mattress,"[""Premium"",""Queen"",""Mattress""]"
tonyahanson@washington.net,Standard Twin Mattress,"[""Standard"",""Twin"",""Mattress""]"
elizabethreynolds49@gmail.com,Standard Queen Mattress,"[""Standard"",""Queen"",""Mattress""]"
hughescharles@hotmail.com,Standard Twin Mattress,"[""Standard"",""Twin"",""Mattress""]"
crystal12@barker-thornton.com,Premium Twin Mattress,"[""Premium"",""Twin"",""Mattress""]"
michaelmiller@hotmail.com,Standard Queen Mattress,"[""Standard"",""Queen"",""Mattress""]"
eholmes@gmail.com,Standard Twin Mattress,"[""Standard"",""Twin"",""Mattress""]"
anneblackburn@hotmail.com,Standard King Mattress,"[""Standard"",""King"",""Mattress""]"
davidsalazar@gmail.com,Standard Twin Mattress,"[""Standard"",""Twin"",""Mattress""]"
yatesnancy@yahoo.com,Standard Queen Mattress,"[""Standard"",""Queen"",""Mattress""]"
jeffersonnancy@nelson.com,Standard Twin Mattress,"[""Standard"",""Twin"",""Mattress""]"
jeffersonnancy@nelson.com,King Down Pillow,"[""King"",""Down"",""Pillow""]"
mmcdowell@watkins-jordan.biz,Standard Full Mattress,"[""Standard"",""Full"",""Mattress""]"
shanejohnson@norton-carter.com,Standard King Mattress,"[""Standard"",""King"",""Mattress""]"
shanejohnson@norton-carter.com,Standard Twin Mattress,"[""Standard"",""Twin"",""Mattress""]"
norrisanthony@brock.com,Premium Queen Mattress,"[""Premium"",""Queen"",""Mattress""]"
michelle34@hernandez.com,Standard King Mattress,"[""Standard"",""King"",""Mattress""]"
michelle34@hernandez.com,Standard Foam Pillow,"[""Standard"",""Foam"",""Pillow""]"
jasminesmith15@hotmail.com,Standard Queen Mattress,"[""Standard"",""Queen"",""Mattress""]"
lararick@cooper.com,Standard Twin Mattress,"[""Standard"",""Twin"",""Mattress""]"
lararick@cooper.com,Standard Foam Pillow,"[""Standard"",""Foam"",""Pillow""]"
obrown@green.biz,Standard Queen Mattress,"[""Standard"",""Queen"",""Mattress""]"
jennifer7029@hotmail.com,Standard King Mattress,"[""Standard"",""King"",""Mattress""]"
ymorales51@yahoo.com,Standard Twin Mattress,"[""Standard"",""Twin"",""Mattress""]"
rhondagoodwin@benitez.info,Premium Twin Mattress,"[""Premium"",""Twin"",""Mattress""]"
millerwendy@hotmail.com,Standard King Mattress,"[""Standard"",""King"",""Mattress""]"
jordanlynch@gmail.com,Standard Full Mattress,"[""Standard"",""Full"",""Mattress""]"
sarah75@robinson-davis.com,Standard Full Mattress,"[""Standard"",""Full"",""Mattress""]"
cbrown58@gmail.com,Standard Twin Mattress,"[""Standard"",""Twin"",""Mattress""]"
christopher6553@gmail.com,Premium Twin Mattress,"[""Premium"",""Twin"",""Mattress""]"
christopher6553@gmail.com,King Foam Pillow,"[""King"",""Foam"",""Pillow""]"
xcraig@gmail.com,Standard Full Mattress,"[""Standard"",""Full"",""Mattress""]"
bartonjared@garner.com,Premium Full Mattress,"[""Premium"",""Full"",""Mattress""]"
fhudson@browning-yang.net,Standard Queen Mattress,"[""Standard"",""Queen"",""Mattress""]"
maria39@guerrero-hudson.com,Standard Twin Mattress,"[""Standard"",""Twin"",""Mattress""]"
deanangie@gmail.com,Premium Twin Mattress,"[""Premium"",""Twin"",""Mattress""]"
deanangie@gmail.com,Premium King Mattress,"[""Premium"",""King"",""Mattress""]"
warnerrachel@myers.org,Standard Twin Mattress,"[""Standard"",""Twin"",""Mattress""]"
njones@chapman-ferrell.org,Standard Foam Pillow,"[""Standard"",""Foam"",""Pillow""]"
mariolee@yahoo.com,Standard Queen Mattress,"[""Standard"",""Queen"",""Mattress""]"
miguel04@mendoza.org,Standard Twin Mattress,"[""Standard"",""Twin"",""Mattress""]"
miguel04@mendoza.org,Standard Down Pillow,"[""Standard"",""Down"",""Pillow""]"
greenjeffery@herrera.com,Standard King Mattress,"[""Standard"",""King"",""Mattress""]"
william2943@gmail.com,Standard Full Mattress,"[""Standard"",""Full"",""Mattress""]"
josephmills@miller.com,Standard King Mattress,"[""Standard"",""King"",""Mattress""]"
ggarcia@martin-sullivan.com,Standard Full Mattress,"[""Standard"",""Full"",""Mattress""]"
vickiemiller@palmer.com,Premium Queen Mattress,"[""Premium"",""Queen"",""Mattress""]"
elynch18@yahoo.com,Standard Twin Mattress,"[""Standard"",""Twin"",""Mattress""]"
joseph72@miller-murphy.com,Standard King Mattress,"[""Standard"",""King"",""Mattress""]"
gwendolynreynolds@hotmail.com,Premium Queen Mattress,"[""Premium"",""Queen"",""Mattress""]"
gwendolynreynolds@hotmail.com,Standard Twin Mattress,"[""Standard"",""Twin"",""Mattress""]"
ethan36@gmail.com,Standard Twin Mattress,"[""Standard"",""Twin"",""Mattress""]"
blankenshipdonald@stewart.com,Premium Queen Mattress,"[""Premium"",""Queen"",""Mattress""]"
katherine98@rodriguez.com,Standard Full Mattress,"[""Standard"",""Full"",""Mattress""]"
bentleyrobert@bailey.com,Standard Queen Mattress,"[""Standard"",""Queen"",""Mattress""]"
megan52@gmail.com,Standard Queen Mattress,"[""Standard"",""Queen"",""Mattress""]"
chase0026@gmail.com,Standard Twin Mattress,"[""Standard"",""Twin"",""Mattress""]"
oaguilar19@yahoo.com,Premium King Mattress,"[""Premium"",""King"",""Mattress""]"
ymorrison30@gmail.com,Standard King Mattress,"[""Standard"",""King"",""Mattress""]"
allenchristopher@griffin.org,Standard Foam Pillow,"[""Standard"",""Foam"",""Pillow""]"
adavis50@hotmail.com,Premium Full Mattress,"[""Premium"",""Full"",""Mattress""]"
gjones87@hotmail.com,Standard Queen Mattress,"[""Standard"",""Queen"",""Mattress""]"
karenosborne@yahoo.com,Standard Queen Mattress,"[""Standard"",""Queen"",""Mattress""]"
karenosborne@yahoo.com,Standard Full Mattress,"[""Standard"",""Full"",""Mattress""]"
lyoung@price.com,Standard Full Mattress,"[""Standard"",""Full"",""Mattress""]"
nicholsrobert@gmail.com,Standard Full Mattress,"[""Standard"",""Full"",""Mattress""]"
jtaylor@holder.net,Standard Queen Mattress,"[""Standard"",""Queen"",""Mattress""]"
deborahscott@hotmail.com,Standard King Mattress,"[""Standard"",""King"",""Mattress""]"
lynchdavid@hughes.com,Standard Full Mattress,"[""Standard"",""Full"",""Mattress""]"
joneschelsea@thompson-alvarado.org,Standard King Mattress,"[""Standard"",""King"",""Mattress""]"
raymondbrooks@yahoo.com,Standard King Mattress,"[""Standard"",""King"",""Mattress""]"
zacharysingh@byrd.com,Standard Full Mattress,"[""Standard"",""Full"",""Mattress""]"
wtaylor@walker.com,Standard Queen Mattress,"[""Standard"",""Queen"",""Mattress""]"
katrina98@price.com,Standard Queen Mattress,"[""Standard"",""Queen"",""Mattress""]"
rhenry@ramsey-reed.biz,Premium King Mattress,"[""Premium"",""King"",""Mattress""]"
craignicole@hotmail.com,Standard Queen Mattress,"[""Standard"",""Queen"",""Mattress""]"
brittanyjohnson@yahoo.com,Standard Down Pillow,"[""Standard"",""Down"",""Pillow""]"
anita06@ray-taylor.net,Standard Queen Mattress,"[""Standard"",""Queen"",""Mattress""]"
jonathan4073@yahoo.com,Premium Twin Mattress,"[""Premium"",""Twin"",""Mattress""]"
mooregabriel@paul.com,Premium Twin Mattress,"[""Premium"",""Twin"",""Mattress""]"
patricia58@richards-ruiz.net,Standard Queen Mattress,"[""Standard"",""Queen"",""Mattress""]"
mary49@romero.com,Standard Full Mattress,"[""Standard"",""Full"",""Mattress""]"
cassie75@hammond-lopez.com,Standard Full Mattress,"[""Standard"",""Full"",""Mattress""]"
tylerrobert@guerrero.com,Standard Full Mattress,"[""Standard"",""Full"",""Mattress""]"
hvalencia@yahoo.com,Standard Queen Mattress,"[""Standard"",""Queen"",""Mattress""]"
hvalencia@yahoo.com,King Down Pillow,"[""King"",""Down"",""Pillow""]"
conleyrebecca@yahoo.com,Standard Foam Pillow,"[""Standard"",""Foam"",""Pillow""]"
amywalter@young.com,Premium Twin Mattress,"[""Premium"",""Twin"",""Mattress""]"
brobertson@frank.com,Standard Queen Mattress,"[""Standard"",""Queen"",""Mattress""]"
